chain,addr,protocol_name,type,addrChecksum
eth,0xd51a44d3fae010294c616388b506acda1bfaae46,Curve,Curve_V2_Crypo_Math,0xD51a44d3FaE010294C616388b506AcdA1bfAAE46
eth,0xa1f8a6807c402e4a15ef4eba36528a3fed24e577,Curve,Curve_V1_Stable_Math,0xa1F8A6807c402E4A15ef4EBa36528A3FED24E577
eth,0xa5407eae9ba41422680e2e00537571bcc53efbfd,Curve,Curve_V1_Stable_Math,0xA5407eAE9Ba41422680e2e00537571bcC53efBfD
eth,0xd658a338613198204dca1143ac3f01a722b5d94a,Curve,Curve_V2_Crypo_Math,0xd658A338613198204DCa1143Ac3F01A722b5d94A
eth,0x8301ae4fc9c624d1d396cbdaa1ed877821d7c511,Curve,Curve_V2_Crypo_Math,0x8301AE4fc9c624d1D396cbDAa1ed877821D7C511
eth,0x9d0464996170c6b9e75eed71c68b99ddedf279e8,Curve,Curve_V1_Stable_Math,0x9D0464996170c6B9e75eED71c68B99dDEDf279e8
eth,0xb576491f1e6e5e62f1d8f26062ee822b40b0e0d4,Curve,Curve_V2_Crypo_Math,0xB576491F1E6e5E62f1d8F26062Ee822B40B0E0d4
eth,0xb30da2376f63de30b42dc055c93fa474f31330a5,Curve,Curve_V1_Stable_Math,0xB30dA2376F63De30b42dC055C93fa474F31330A5
eth,0xc5424b857f758e906013f3555dad202e4bdb4567,Curve,Curve_V1_Stable_Math,0xc5424B857f758E906013F3555Dad202e4bdB4567
eth,0x9409280dc1e6d33ab7a8c6ec03e5763fb61772b5,Curve,Curve_V2_Crypo_Math,0x9409280DC1e6D33AB7A8C6EC03e5763FB61772B5
eth,0xed279fdd11ca84beef15af5d39bb4d4bee23f0ca,Curve,Curve_V1_Stable_Math,0xEd279fDD11cA84bEef15AF5D39BB4d4bEE23F0cA
eth,0x3211c6cbef1429da3d0d58494938299c92ad5860,Curve,Curve_V2_Crypo_Math,0x3211C6cBeF1429da3D0d58494938299C92Ad5860
eth,0xdebf20617708857ebe4f679508e7b7863a8a8eee,Curve,Curve_V1_Stable_Math,0xDeBF20617708857ebe4F679508E7b7863a8A8EeE
eth,0xecd5e75afb02efa118af914515d6521aabd189f1,Curve,Curve_V1_Stable_Math,0xEcd5e75AFb02eFa118AF914515D6521aaBd189F1
eth,0x43b4fdfd4ff969587185cdb6f0bd875c5fc83f8c,Curve,Curve_V1_Stable_Math,0x43b4FdFD4Ff969587185cDB6f0BD875c5Fc83f8c
eth,0xc26b89a667578ec7b3f11b2f98d6fd15c07c54ba,Curve,Curve_V2_Crypo_Math,0xC26b89A667578ec7b3f11b2F98d6Fd15C07C54ba
eth,0xa2b47e3d5c44877cca798226b7b8118f9bfb7a56,Curve,Curve_V1_Stable_Math,0xA2B47E3D5c44877cca798226B7B8118F9BFb7A56
eth,0xf253f83aca21aabd2a20553ae0bf7f65c755a07f,Curve,Curve_V1_Stable_Math,0xf253f83AcA21aAbD2A20553AE0BF7F65C755A07F
eth,0x87650d7bbfc3a9f10587d7778206671719d9910d,Curve,Curve_V1_Stable_Math,0x87650D7bbfC3A9F10587d7778206671719d9910D
eth,0x87650d7bbfc3a9f10587d7778206671719d9910d,Curve,Curve_V1_Stable_Math,0x87650D7bbfC3A9F10587d7778206671719d9910D
eth,0xe57180685e3348589e9521aa53af0bcd497e884d,Curve,Curve_V1_Stable_Math,0xE57180685E3348589E9521aa53Af0BCD497E884d
eth,0x33baeda08b8afacc4d3d07cf31d49fc1f1f3e893,Curve,Curve_V1_Stable_Math,0x33baeDa08b8afACc4d3d07cf31d49FC1F1f3E893
eth,0x0f3159811670c117c372428d4e69ac32325e4d0f,Curve,Curve_V2_Crypo_Math,0x0f3159811670c117c372428D4E69AC32325e4D0F
eth,0x4e43151b78b5fbb16298c1161fcbf7531d5f8d93,Curve,Curve_V1_Stable_Math,0x4e43151b78b5fbb16298C1161fcbF7531d5F8D93
eth,0xf95aaa7ebb1620e46221b73588502960ef63dba0,Curve,Curve_V1_Stable_Math,0xF95AAa7EBB1620e46221B73588502960Ef63dBa0
eth,0xf95aaa7ebb1620e46221b73588502960ef63dba0,Curve,Curve_V1_Stable_Math,0xF95AAa7EBB1620e46221B73588502960Ef63dBa0
eth,0x6bfe880ed1d639bf80167b93cc9c56a39c1ba2dc,Curve,Curve_V2_Crypo_Math,0x6bfE880Ed1d639bF80167b93cc9c56a39C1Ba2dC
eth,0x453d92c7d4263201c69aacfaf589ed14202d83a4,Curve,Curve_V1_Stable_Math,0x453D92C7d4263201C69aACfaf589Ed14202d83a4
eth,0x453d92c7d4263201c69aacfaf589ed14202d83a4,Curve,Curve_V1_Stable_Math,0x453D92C7d4263201C69aACfaf589Ed14202d83a4
eth,0x4807862aa8b2bf68830e4c8dc86d0e9a998e085a,Curve,Curve_V1_Stable_Math,0x4807862AA8b2bF68830e4C8dc86D0e9A998e085a
eth,0x98a7f18d4e56cfe84e3d081b40001b3d5bd3eb8b,Curve,Curve_V2_Crypo_Math,0x98a7F18d4E56Cfe84E3D081B40001B3d5bD3eB8B
eth,0xfc1e8bf3e81383ef07be24c3fd146745719de48d,Curve,Curve_V2_Crypo_Math,0xFc1e8bf3E81383Ef07Be24c3FD146745719DE48D
eth,0x21410232b484136404911780bc32756d5d1a9fa9,Curve,Curve_V2_Crypo_Math,0x21410232B484136404911780bC32756D5d1a9Fa9
eth,0x21410232b484136404911780bc32756d5d1a9fa9,Curve,Curve_V2_Crypo_Math,0x21410232B484136404911780bC32756D5d1a9Fa9
eth,0x7fc77b5c7614e1533320ea6ddc2eb61fa00a9714,Curve,Curve_V1_Stable_Math,0x7fC77b5c7614E1533320Ea6DDc2Eb61fa00A9714
eth,0x7b42d77bd2fee3c98baa58d559b83ff3bb4702cf,Curve,Curve_V1_Stable_Math,0x7B42d77bd2feE3c98baA58D559B83Ff3bB4702cf
eth,0x4ca9b3063ec5866a4b82e437059d2c43d1be596f,Curve,Curve_V1_Stable_Math,0x4CA9b3063Ec5866A4B82E437059D2C43d1be596F
eth,0x4ca9b3063ec5866a4b82e437059d2c43d1be596f,Curve,Curve_V1_Stable_Math,0x4CA9b3063Ec5866A4B82E437059D2C43d1be596F
eth,0x838af967537350d2c44abb8c010e49e32673ab94,Curve,Curve_V2_Crypo_Math,0x838af967537350D2C44ABB8c010E49E32673ab94
eth,0x4f062658eaaf2c1ccf8c8e36d6824cdf41167956,Curve,Curve_V1_Stable_Math,0x4f062658EaAF2C1ccf8C8e36D6824CDf41167956
eth,0xe3c190c57b5959ae62efe3b6797058b76ba2f5ef,Curve,Curve_V1_Stable_Math,0xe3c190c57b5959Ae62EfE3B6797058B76bA2f5eF
eth,0x6e314039f4c56000f4ebb3a7854a84cc6225fb92,Curve,Curve_V2_Crypo_Math,0x6e314039f4C56000F4ebb3a7854A84cC6225Fb92
eth,0x326290a1b0004eee78fa6ed4f1d8f4b2523ab669,Curve,Curve_V1_Stable_Math,0x326290A1B0004eeE78fa6ED4F1d8f4b2523ab669
eth,0x74ed5d42203806c8cdcf2f04ca5f60dc777b901c,Curve,Curve_V2_Crypo_Math,0x74ED5d42203806c8CDCf2F04Ca5F60DC777b901c
eth,0x74ed5d42203806c8cdcf2f04ca5f60dc777b901c,Curve,Curve_V2_Crypo_Math,0x74ED5d42203806c8CDCf2F04Ca5F60DC777b901c
eth,0x74ed5d42203806c8cdcf2f04ca5f60dc777b901c,Curve,Curve_V2_Crypo_Math,0x74ED5d42203806c8CDCf2F04Ca5F60DC777b901c
eth,0x0ce6a5ff5217e38315f87032cf90686c96627caa,Curve,Curve_V1_Stable_Math,0x0Ce6a5fF5217e38315f87032CF90686C96627CAA
eth,0x0ce6a5ff5217e38315f87032cf90686c96627caa,Curve,Curve_V1_Stable_Math,0x0Ce6a5fF5217e38315f87032CF90686C96627CAA
eth,0x0e9b5b092cad6f1c5e6bc7f89ffe1abb5c95f1c2,Curve,Curve_V2_Crypo_Math,0x0E9B5B092caD6F1c5E6bc7f89Ffe1abb5c95F1C2
eth,0x5fae7e604fc3e24fd43a72867cebac94c65b404a,Curve,Curve_V2_Crypo_Math,0x5FAE7E604FC3e24fd43A72867ceBaC94c65b404A
eth,0xf7b55c3732ad8b2c2da7c24f30a69f55c54fb717,Curve,Curve_V1_Stable_Math,0xf7b55C3732aD8b2c2dA7c24f30A69f55c54FB717
eth,0xf7b55c3732ad8b2c2da7c24f30a69f55c54fb717,Curve,Curve_V1_Stable_Math,0xf7b55C3732aD8b2c2dA7c24f30A69f55c54FB717
eth,0xbec570d92afb7ffc553bdd9d4b4638121000b10d,Curve,Curve_V2_Crypo_Math,0xBEc570d92AFB7fFc553bdD9d4B4638121000b10D
eth,0x31c325a01861c7dbd331a9270296a31296d797a0,Curve,Curve_V2_Crypo_Math,0x31c325A01861c7dBd331a9270296a31296D797A0
eth,0x6a6283ab6e31c2aec3fa08697a8f806b740660b2,Curve,Curve_V2_Crypo_Math,0x6a6283aB6e31C2AeC3fA08697A8F806b740660b2
eth,0x21d158d95c2e150e144c36fc64e3653b8d6c6267,Curve,Curve_V2_Crypo_Math,0x21d158d95C2e150e144c36FC64E3653B8D6c6267
eth,0x19b080fe1ffa0553469d20ca36219f17fcf03859,Curve,Curve_V1_Stable_Math,0x19b080FE1ffA0553469D20Ca36219F17Fcf03859
eth,0xa96a65c051bf88b4095ee1f2451c2a9d43f53ae2,Curve,Curve_V1_Stable_Math,0xA96A65c051bF88B4095Ee1f2451C2A9d43F53Ae2
eth,0x752ebeb79963cf0732e9c0fec72a49fd1defaeac,Curve,Curve_V2_Crypo_Math,0x752eBeb79963cf0732E9c0fec72a49FD1DEfAEAC
eth,0x9838eccc42659fa8aa7daf2ad134b53984c9427b,Curve,Curve_V2_Crypo_Math,0x9838eCcC42659FA8AA7daF2aD134b53984c9427b
eth,0x01fe650ef2f8e2982295489ae6adc1413bf6011f,Curve,Curve_V1_Stable_Math,0x01FE650EF2f8e2982295489AE6aDc1413bF6011F
eth,0xe9123cbc5d1ea65301d417193c40a72ac8d53501,Curve,Curve_V1_Stable_Math,0xe9123CBC5d1EA65301D417193c40A72Ac8D53501
eth,0xe9123cbc5d1ea65301d417193c40a72ac8d53501,Curve,Curve_V1_Stable_Math,0xe9123CBC5d1EA65301D417193c40A72Ac8D53501
eth,0xe9123cbc5d1ea65301d417193c40a72ac8d53501,Curve,Curve_V1_Stable_Math,0xe9123CBC5d1EA65301D417193c40A72Ac8D53501
eth,0x84c333e94aea4a51a21f6cf0c7f528c50dc7592c,Curve,Curve_V1_Stable_Math,0x84C333e94AEA4a51a21F6cf0C7F528C50Dc7592C
eth,0xb9446c4ef5ebe66268da6700d26f96273de3d571,Curve,Curve_V1_Stable_Math,0xb9446c4Ef5EBE66268dA6700D26f96273DE3d571
eth,0xf9440930043eb3997fc70e1339dbb11f341de7a8,Curve,Curve_V1_Stable_Math,0xF9440930043eb3997fc70e1339dBb11F341de7A8
eth,0xf9440930043eb3997fc70e1339dbb11f341de7a8,Curve,Curve_V1_Stable_Math,0xF9440930043eb3997fc70e1339dBb11F341de7A8
eth,0xf9440930043eb3997fc70e1339dbb11f341de7a8,Curve,Curve_V1_Stable_Math,0xF9440930043eb3997fc70e1339dBb11F341de7A8
eth,0x497ce58f34605b9944e6b15ecafe6b001206fd25,Curve,Curve_V1_Stable_Math,0x497CE58F34605B9944E6b15EcafE6b001206fd25
eth,0x1570af3df649fc74872c5b8f280a162a3bdd4eb6,Curve,Curve_V2_Crypo_Math,0x1570af3dF649Fc74872c5B8F280A162a3bdD4EB6
eth,0x04b727c7e246ca70d496ecf52e6b6280f3c8077d,Curve,Curve_V1_Stable_Math,0x04b727C7e246CA70d496ecF52E6b6280f3c8077D
eth,0x13b876c26ad6d21cb87ae459eaf6d7a1b788a113,Curve,Curve_V2_Crypo_Math,0x13B876C26Ad6d21cb87AE459EaF6d7A1b788A113
eth,0x4149d1038575ce235e03e03b39487a80fd709d31,Curve,Curve_V2_Crypo_Math,0x4149d1038575CE235E03E03B39487a80FD709D31
eth,0x808db6e464279c6a77a1164e0b34d64bd6fb526e,Curve,Curve_V2_Crypo_Math,0x808dB6E464279C6A77a1164E0b34d64Bd6fB526E
eth,0xeb16ae0052ed37f479f7fe63849198df1765a733,Curve,Curve_V1_Stable_Math,0xEB16Ae0052ed37f479f7fe63849198Df1765a733
eth,0xeb16ae0052ed37f479f7fe63849198df1765a733,Curve,Curve_V1_Stable_Math,0xEB16Ae0052ed37f479f7fe63849198Df1765a733
eth,0x342d1c4aa76ea6f5e5871b7f11a019a0eb713a4f,Curve,Curve_V2_Crypo_Math,0x342D1C4Aa76EA6F5E5871b7f11A019a0eB713A4f
eth,0x0fafafd3c393ead5f5129cfc7e0e12367088c473,Curve,Curve_V1_Stable_Math,0x0FaFaFD3C393ead5F5129cFC7e0E12367088c473
eth,0x329239599afb305da0a2ec69c58f8a6697f9f88d,Curve,Curve_V1_Stable_Math,0x329239599afB305DA0A2eC69c58F8a6697F9F88d
eth,0xc3b19502f8c02be75f3f77fd673503520deb51dd,Curve,Curve_V1_Stable_Math,0xc3b19502F8c02be75F3f77fd673503520DEB51dD
eth,0xc897b98272aa23714464ea2a0bd5180f1b8c0025,Curve,Curve_V1_Stable_Math,0xc897b98272AA23714464Ea2A0Bd5180f1B8C0025
eth,0x618788357d0ebd8a37e763adab3bc575d54c2c7d,Curve,Curve_V1_Stable_Math,0x618788357D0EBd8A37e763ADab3bc575D54c2C7d
eth,0x618788357d0ebd8a37e763adab3bc575d54c2c7d,Curve,Curve_V1_Stable_Math,0x618788357D0EBd8A37e763ADab3bc575D54c2C7d
eth,0xa148bd19e26ff9604f6a608e22bfb7b772d0d1a3,Curve,Curve_V2_Crypo_Math,0xA148BD19E26Ff9604f6A608E22BFb7B772D0d1A3
eth,0x941eb6f616114e4ecaa85377945ea306002612fe,Curve,Curve_V2_Crypo_Math,0x941Eb6F616114e4Ecaa85377945EA306002612FE
eth,0xf2f12b364f614925ab8e2c8bfc606edb9282ba09,Curve,Curve_V2_Crypo_Math,0xf2f12B364F614925aB8E2C8BFc606edB9282Ba09