chain,addr,protocol_name
bsc,0xba6418100db9b93356bfb6a472411fdcfa2e4141,PancakeSwap
bsc,0x24a179508d279f2b4c5910c2a4c1371e25507331,PancakeSwap
bsc,0x0ed7e52944161450477ee417de9cd3a859b14fd0,PancakeSwap
bsc,0x16b9a82891338f9ba80e2d6970fdda79d1eb0dae,PancakeSwap
bsc,0x58f876857a02d6762e0101bb5c46a8c1ed44dc16,PancakeSwap
bsc,0x59ff7c19c5750588a0435e9c8e11502bf97962a1,PancakeSwap
bsc,0x74e4716e431f45807dcf19f284c7aa99f18a4fbc,PancakeSwap
bsc,0x61eb789d75a95caa3ff50ed7e47b96c132fec082,PancakeSwap
bsc,0x7efaef62fddcca950418312c6c91aef321375a00,PancakeSwap
bsc,0x2354ef4df11afacb85a5c7f98b624072eccddbb1,PancakeSwap
bsc,0x169f653a54acd441ab34b73da9946e2c451787ef,PancakeSwap
bsc,0xd171b26e4484402de70e3ea256be5a2630d7e88d,PancakeSwap
bsc,0xf45cd219aef8618a92baa7ad848364a158a24f33,PancakeSwap
bsc,0x6216e04cd40db2c6fbed64f1b5830a98d3a91740,Biswap
bsc,0x2b948b5d3ebe9f463b29280fc03ebcb82db1072f,PancakeSwap
bsc,0x37d2cb2fe24e940b74e918c6241bc9a7bc677b84,PancakeSwap
bsc,0xc2f5b9a3d9138ab2b74d581fc11346219ebf43fe,PancakeSwap
bsc,0x1cea83ec5e48d9157fcae27a19807bef79195ce1,PancakeSwap
bsc,0xacaac9311b0096e04dfe96b6d87dec867d3883dc,Biswap
bsc,0x11e82e2997a05c478c3348376fdb493671e2f935,W3Swap
bsc,0xe2f12e4e2996df4a9fa94d0c1c8345f43a4bb092,PancakeSwap
bsc,0x8840c6252e2e86e545defb6da98b2a0e26d8c1ba,Biswap
bsc,0x8fa59693458289914db0097f5f366d771b7a7c3f,PancakeSwap
bsc,0x0536c8b0c3685b6e3c62a7b5c4e8b83f938f12d1,BabyDogeSwap
bsc,0x483653bcf3a10d9a1c334ce16a19471a614f4385,Thena
bsc,0xc736ca3d9b1e90af4230bd8f9626528b3d4e0ee0,PancakeSwap
bsc,0x647bc907d520c3f63be38d01dbd979f5606bec48,PancakeSwap
bsc,0x5bf6941f029424674bb93a43b79fc46bf4a67c21,Biswap
bsc,0x8e0301e3bde2397449fef72703e71284d0d149f1,SafeMoon Swap
bsc,0x3efebc418efb585248a0d2140cfb87afcc2c63dd,PancakeSwap
bsc,0xed1c8b6b8b061fbb01396280b841d8fc1e046f21,PancakeSwap
bsc,0x1d168c5b5dea1c6da0e9fd9bf4b7607e4e9d8eec,Thena
bsc,0x618f9eb0e1a698409621f4f487b563529f003643,Thena
bsc,0xe267018c943e77992e7e515724b07b9ce7938124,PancakeSwap
bsc,0xd79b5de2ffbd063fbbb579b76151d95d4372b0df,PancakeSwap
bsc,0xea26b78255df2bbc31c1ebf60010d78670185bd0,PancakeSwap
bsc,0xc7e9d76ba11099af3f330ff829c5f442d571e057,Biswap
bsc,0xa39af17ce4a8eb807e076805da1e2b8ea7d0755b,PancakeSwap
bsc,0x2f1082d43711f0010d8421a76d98ae667f952a3b,PancakeSwap
bsc,0x46492b26639df0cda9b2769429845cb991591e0a,Biswap
bsc,0x352008bf4319c3b7b8794f1c2115b9aa18259ebb,PancakeSwap
bsc,0x942b294e59a8c47a0f7f20df105b082710f7c305,PancakeSwap
bsc,0x74fa517715c4ec65ef01d55ad5335f90dce7cc87,PancakeSwap
bsc,0x6321b57b6fdc14924be480c54e93294617e672ab,Thena
bsc,0x804678fa97d91b974ec2af3c843270886528a9e6,PancakeSwap
bsc,0x9dcc55be2ee50f0a59be2c88ed1c93aa4cc2ff3f,PancakeSwap
bsc,0x09cb618bf5ef305fadfd2c8fc0c26eecf8c6d5fd,MDEX
bsc,0xda8ceb724a06819c0a5cdb4304ea0cb27f8304cf,Biswap
bsc,0xd472bf4d57957350efd95ce940a36a668987f890,PancakeSwap
bsc,0x824eb9fadfb377394430d2744fa7c42916de3ece,PancakeSwap
bsc,0xd328d129e46f9b978416599913102e8cd64593f3,Thena
bsc,0xa987f0b7098585c735cd943ee07544a84e923d1d,Biswap
bsc,0xa2f6cbd950a1b79ec5d5e66fb2bbbda09c6b97d2,SafeMoon Swap
bsc,0xb3f4145568de13734c0e1403760787369a58304d,PancakeSwap
bsc,0xbe46815e0f0123ad626b82a0166eaa32274104f5,PancakeSwap
bsc,0xc803790dd1a234b326cd4e593b05337a0c84a05e,PancakeSwap
bsc,0x18f9466eca35a82a78086d79a78ce7ab16f10616,Mars Ecosystem
bsc,0x03f18135c44c64ebfdcbad8297fe5bdafdbbdd86,PancakeSwap
bsc,0x2b3510f57365aa17bff8e6360ea67c136175dc6d,Thena
bsc,0x6c83e45fe3be4a9c12bb28cb5ba4cd210455fb55,Thena
bsc,0xcd9d281a588b69ecdffa411363661954aa339c7b,PancakeSwap
bsc,0x47830b76ed49041f10b3c983bc6916688d81c195,PancakeSwap
bsc,0xb5151965b13872b183eba08e33d0d06743ac8132,PancakeSwap
bsc,0xec6557348085aa57c72514d67070dc863c0a5a8c,PancakeSwap
bsc,0xf366696df61171b9832d4746309d38e20c9a09be,PancakeSwap
bsc,0x28415ff2c35b65b9e5c7de82126b4015ab9d031f,PancakeSwap
bsc,0x63b30de1a998e9e64fd58a21f68d323b9bcd8f85,Biswap
bsc,0xf15a72b15fc4caed6fadb1ba7347f6ccd1e0aede,PancakeSwap
bsc,0x49079d07ef47449af808a4f36c2a8dec975594ec,PancakeSwap
bsc,0x231d9e7181e8479a8b40930961e93e7ed798542c,PancakeSwap
bsc,0xc769fa5ac102ffb129c2ba5f31a4d071ce454fc2,BabyDogeSwap
bsc,0xb5d108578be3750209d1b3a8f45ffee8c5a75146,PancakeSwap
bsc,0x70139a53363067b5d6140ced583b567fb622341b,BabyDogeSwap
bsc,0xfa155722537917c6cba4be98b3f13ae1b52af18b,PancakeSwap
bsc,0x00f15969a0139a87a05b36e16c2a60117ea4a686,PancakeSwap
bsc,0xd254a3c351dad83f8b369554b420047a1ed60f1c,PancakeSwap
bsc,0xdd5bad8f8b360d76d12fda230f8baf42fe0022cf,PancakeSwap
bsc,0x2b30c317cedfb554ec525f85e79538d59970beb0,Biswap
bsc,0x2c3d4c9966a466ed6bc434afba8ea3c96ee35c86,BabyDogeSwap
bsc,0xb7e73daee6a6ca37a21f8e4bfba4da448dfe4d92,PancakeSwap
bsc,0xe7987f07c01b6ca83971e8407d67cafb3193619c,PancakeSwap
bsc,0x04a6a9d17ed7043e672a3f49d5cc43cb58a0bf74,PancakeSwap
bsc,0xc70734ef92893cf7ae131b13874f8c531584fc4e,PancakeSwap
bsc,0x2139c481d4f31dd03f924b6e87191e15a33bf8b4,PancakeSwap
bsc,0xfb72d7c0f1643c96c197a98e5f36ebcf7597d0e3,BakerySwap
bsc,0x1483767e665b3591677fd49f724bf7430c18bf83,Biswap
bsc,0x7a784dc7a7a1305bdf33225a212c8b84b3bb8e95,PancakeSwap
bsc,0xed2ec734193626282e105a4a44bf39c1f6b44d78,PancakeSwap
bsc,0x75762a2122e368218fc35b1e4cb83961c33461c8,BabyDogeSwap
bsc,0xd99c7f6c65857ac913a8f880a4cb84032ab2fc5b,PancakeSwap
bsc,0xe4399d0c968fbc3f5449525146ea98b0dc7fc203,PancakeSwap
bsc,0x84821bb588f049913dc579dc511e5e31eb22d5e4,PancakeSwap
bsc,0x92573046bd4aba37d875eb45a0a1182ac63d5580,Thena
bsc,0xfc84b031a5221ced00b6470744af5e5da5710ddc,Knight Swap Finance
bsc,0x9f4da89774570e27170873befd139a79cb1a3da2,MDEX
bsc,0x70c26e9805ec5df3d4ab0b2a3df86bba2231b6c1,PancakeSwap
bsc,0x93b32a8dfe10e9196403dd111974e325219aec24,Thena
bsc,0xff69accf887b04246e7ff6e91e80fa7123d2d138,PancakeSwap
bsc,0x78b7220f37b8f6e30d03018558b0c8c4430662c7,PancakeSwap
bsc,0x15d1c7d344e7b0e01a24109b77a616f6d8e9e73c,PancakeSwap
bsc,0x8e744ec2795c8b836689d1b4ebe1489204357dac,PancakeSwap
bsc,0x7298bd9f23ab20380064ba7b5b343e067d9053be,PancakeSwap
bsc,0x8a420aaca0c92e3f97cdcfdd852e01ac5b609452,Thena
bsc,0x007a5e4e2c6d377852e843a6d624120af450a073,PancakeSwap
bsc,0x2681d05c2de74a3ddf40e608d063495db32cfce4,PancakeSwap
bsc,0x5929dbbc11711d2b9e9ca0752393c70de74261f5,Thena
bsc,0xb51f9508b88f0868ae14e74c5d7d1f34e2f419c1,PancakeSwap
bsc,0xfa58f211ac14279bbd2d1468f77db34ce0bc8d2f,PancakeSwap
bsc,0x6c6636eada7cc046c7a83aea0d973810234ec291,PancakeSwap
bsc,0x71b01ebddd797c8e9e0b003ea2f4fd207fbf46cc,PancakeSwap
bsc,0x66cd75f1938e4f287f70f49b295207e9363f6a68,PancakeSwap
bsc,0x7061f52ed4942021924745d454d722e52e057e03,Thena
bsc,0xcda572e13ba703c8b72f0376f777d5ac0cd403a6,PancakeSwap
bsc,0xaf839f4d3620a1eed00ccc21ddc01119c26a75e1,PancakeSwap
bsc,0x7ef540f672cd643b79d2488344944499f7518b1f,Thena
bsc,0xac109c8025f272414fd9e2faa805a583708a017f,PancakeSwap
bsc,0x26de6c26dd5560c181011907d8f70c202c2a29d6,PancakeSwap
bsc,0x252c6e5a2b8eca987b2678618546c388b9b4b933,PancakeSwap
bsc,0xff3dd404afba451328de089424c74685bf0a43c9,PancakeSwap
bsc,0x63db6ba9e512186c2faadacef342fb4a40dc577c,Thena
bsc,0x16fe21c91c426e603977b1c6ecd59fc510a518c2,Biswap
bsc,0xa0ee789a8f581cb92dd9742ed0b5d54a0916976c,PancakeSwap
bsc,0xfd4afeac39da03a05f61844095a75c4fb7d766da,Ellipsis
bsc,0x7752e1fa9f3a2e860856458517008558deb989e3,PancakeSwap
bsc,0x66fdb2eccfb58cf098eaa419e5efde841368e489,PancakeSwap
bsc,0x7ef0841e1c4854a02ba08a1d9e69f3d1e3533dcc,PancakeSwap
bsc,0x9e5ee9a5403e15989c51c3995cc2cc2c81f4706e,PancakeSwap
bsc,0x487bfe79c55ac32785c66774b597699e092d0cd9,PancakeSwap
bsc,0x19ec9e3f7b21dd27598e7ad5aae7dc0db00a806d,Ellipsis
bsc,0x93aa9a7eedc84e0730fb8f61163ddfa1cbb00987,PancakeSwap
bsc,0xb72723e36a83fb5fe1793f06b436f4720f5de4f9,PancakeSwap
bsc,0x2ce4ae0e7d05bc6ec0c22cdf87ff899872c2cf7f,PancakeSwap
bsc,0x014608e87af97a054c9a49f81e1473076d51d9a3,PancakeSwap
bsc,0xd822e1737b1180f72368b2a9eb2de22805b67e34,Biswap
bsc,0x2a024910f046fb9cf496b425462a680066ab0ab9,PancakeSwap
bsc,0xa5f2f22d3b4fccf0fee429e6a8acfc376f5afa22,Nomiswap
bsc,0x70f16782010fa7ddf032a6aacdeed05ac6b0bc85,PancakeSwap
bsc,0x7e61c053527a7af0c700ad9d2c8207e386273222,Thena
bsc,0xa0feb3c81a36e885b6608df7f0ff69db97491b58,PancakeSwap
bsc,0xc2f1a40d3ba746b913c798057d8010800aace255,PancakeSwap
bsc,0x2e28b9b74d6d99d4697e913b82b41ef1cac51c6c,PancakeSwap
bsc,0x051e5c7af6690f5eb33893ba91c49faff72ceebf,PancakeSwap
bsc,0x54e6358f24927c259aaf53aa230b56e2d27b5810,PancakeSwap
bsc,0x58e2c10f7ea156477b45b0a33958b6473445a0c2,PancakeSwap
bsc,0x3274c65bd308f57762f124e410bd36e6c1d5a8e0,PancakeSwap
bsc,0x007ec643c7cc33a70c083fc305c283dd009c8b94,PancakeSwap
bsc,0x8195143df00e94f320f3f60c48d5ed97a6bfabfc,PancakeSwap
bsc,0x8d65dbe7206a768c466073af0ab6d76f9e14fc6d,Thena
bsc,0x04580ce6dee076354e96fed53cb839de9efb5f3f,BabySwap
bsc,0xc5e1b7e86a63d23a88b85a0fe00772f058a4dcc4,PancakeSwap
bsc,0x0c51ec4743c1ae6be3c193926ba04458a56e4437,PancakeSwap
bsc,0x153dc2ebcb551799b13d4e6ff84fc34c7aedf241,Biswap
bsc,0x072856bc98e65ecaf8ca6412567e894617cc62c2,SWYCH
bsc,0x0fb881c078434b1c0e4d0b64d8c64d12078b7ce2,MDEX
bsc,0xa99c4051069b774102d6d215c6a9ba69bd616e6a,Thena
bsc,0x160caed03795365f3a589f10c379ffa7d75d4e76,Ellipsis
bsc,0x8860922eb2795ab0d57363653dd7ebf18d7c0a42,Biswap
bsc,0xf987939b9ea7a43d9e6a39f6542749bb8afb09bb,KyberSwap Elastic
bsc,0xbb0e8171e3c14d3e56a3c8860a7aa3d3204e5178,PancakeSwap
bsc,0xa9d492233d060e9435ff8cc5d7dc5471c9ee68f9,KyberSwap Elastic
bsc,0x7172f86bae1cbb0e6a31a58c64675a276ca19db8,PancakeSwap
bsc,0xa55b5c9864f21df5be7890a7c5e848210e163622,PancakeSwap
bsc,0xc016f93d1b11878804c345e93c8588794480cd83,PancakeSwap
bsc,0x1f7df58c60a56bc8322d3e42d7d37a0383d42746,PancakeSwap
bsc,0x8c6bdcaa5daa66dc851a31cdf21f2c1b2e83713d,PancakeSwap
bsc,0xda28eb7aba389c1ea226a420bce04cb565aafb85,MDEX
bsc,0xbdbaaa318557bf585b12561b658b26c920f84902,PancakeSwap
bsc,0x4f263c2f03d8dcd7dea928de0224e34cebd9f03c,ApeSwap
bsc,0xc078ef8fa25543957d59d9c9a3220a9a23367fa3,PancakeSwap
bsc,0x632963e19c9c420c22c5422a7625e80e454f6f2b,PancakeSwap
bsc,0x3dcb1787a95d2ea0eb7d00887704eebf0d79bb13,PancakeSwap
bsc,0xedeec0ed10abee9b5616be220540cab40c9d991e,PancakeSwap
bsc,0xbe80839a3be4d3953d5588a60a11aeaed286b593,PancakeSwap
bsc,0x7dcc03aa0129b8b07f2c323391f8abb0afb76c52,PancakeSwap
bsc,0x9117df9aa33b23c0a9c2c913ad0739273c3930b3,PancakeSwap
bsc,0xbcea09e9e882ec2bb6dce07c4e6669968846cabd,PancakeSwap
bsc,0x34b897289fccb43c048b2cea6405e840a129e021,Thena
bsc,0xb33797e8351f818e5ae225dc7334dbf158126964,PancakeSwap
bsc,0xeff6a14af93cd03b33fb185ac16f5a3b5db3485a,PancakeSwap
bsc,0x4ed4bf59b5f71f13706e8ab6a16bb5f7ea549b26,PancakeSwap
bsc,0xfdfde3af740a22648b9dd66d05698e5095940850,PancakeSwap
bsc,0x53028de80b359b303178a31741ddf91969ba89ec,PancakeSwap
bsc,0x6637914482670f91f43025802b6755f27050b0a6,PancakeSwap
bsc,0x7e3d628d6014756285dff1f4c5d54edc76095e42,PancakeSwap
bsc,0x400db103af7a0403c9ab014b2b73702b89f6b4b7,PancakeSwap
bsc,0x07d01675893986a1341563986beebf589fe66db4,PancakeSwap
bsc,0xa5cfa05ab6c5e485c0776f722e7ae565a3cf9cba,PancakeSwap
bsc,0xcaf3ba00f81bc325fdbf4f7a2f5dd963082b8b88,PancakeSwap
bsc,0xb5ea073c8fa5dc0cbce0852c79a34f6351f291e8,PancakeSwap
bsc,0xf5d9b8947b11ddf5ee33374cc2865e775ebe00dc,PancakeSwap
bsc,0xe0caab61ee7a12d03b268e1f6a56537ac1b61d13,Biswap
bsc,0x3b09e13ca9189fbd6a196cfe5fbd477c885afbf3,Biswap
bsc,0x4b9c234779a3332b74dbaff57559ec5b4cb078bd,PancakeSwap
bsc,0x70891f87b6811a1a9aca2483839fbb5a18b2a27c,PancakeSwap
bsc,0x82e9d0afb30a3975699659e3ca7d10695be32107,PancakeSwap
bsc,0x80d1e8468121dab1112a4992db4fbdde1a8cfc5e,PancakeSwap
bsc,0x0e3d71af204890e6b05233cf88f9518885e11ad2,PancakeSwap
bsc,0xf81b6b8aaad4c37f6f2e8aa9988f28ea8e82bb49,Thena
bsc,0x7dd308207c0e700466cafda79f0218d898c211f8,PancakeSwap
bsc,0x4004d3856499d947564521511dcd28e1155c460b,PancakeSwap
bsc,0xa97e46dc17e2b678e5f049a2670fae000b57f05e,Thena
bsc,0xe0625903565bfcdd738b7ab9b156cb14dc9977b3,Biswap
bsc,0x2bca13e7420aac419b1cade07ad6bb1e735e0f3e,BabyDogeSwap
bsc,0x5dc30bb8d7f02efef28f7e637d17aea13fa96906,Biswap
bsc,0xc13aa76aac067c86ae38028019f414d731b3d86a,PancakeSwap
bsc,0xf65c1c0478efde3c19b49ecbe7acc57bb6b1d713,ApeSwap
bsc,0x5efbdb25335f819fa85e62a50ffad49ab3659217,PancakeSwap
bsc,0x168064904d245fddd0dd03cb46b6104aaccad2d8,PancakeSwap
bsc,0x1d51f1f6da2d274534c93a52303a39c286ec9b8f,PancakeSwap
bsc,0x7f1b11a798273da438b4b132df1383d8387e73b4,PancakeSwap
bsc,0xc8da40f8a354530f04ce2dde98ebc2960a9ea449,Thena
bsc,0x8e04b3972b5c25766c681dfd30a8a1cbf6dcc8c1,PancakeSwap
bsc,0xad1fedfb04377c4b849cef6ef9627bca41955fa0,PancakeSwap
bsc,0x3a6fd74e00a2e52d01113589a35524e3f33719aa,PancakeSwap
bsc,0xf3bc6fc080ffcc30d93df48bfa2aa14b869554bb,PancakeSwap
bsc,0xf1a12ec907b3d87b6de7a9a5c3820566c621f68b,Biswap
bsc,0xd86b9875b4e42b34efdd3cf5f5ade82dbf5adc9b,PancakeSwap
bsc,0x440ba409d402e25b95ac852e386445af12e802a0,Ellipsis
bsc,0xf0c5908d52118658607124c28edab23b708312f7,PancakeSwap
bsc,0xa0f98321f02e90e13d04b08c1b9f3252dde15fd3,PancakeSwap
bsc,0x79f3bb5534b8f060b37b3e5dea032a39412f6b10,PancakeSwap
bsc,0x32222f250c16cabf5f84765955ff504f6174e546,PancakeSwap
bsc,0xcfc23f5895069bf7b2097bf7426a34bde07123b7,PancakeSwap
bsc,0x65f2ee8b6c52a263b39f1ffc8f97d4b38f14e96d,PancakeSwap
bsc,0xaf49f39a30ae4b2df48e369c140ee94c52339117,PancakeSwap
bsc,0x7ba30c5d31af4e1d14cd2de2a7ebb1a14c00ef7c,PancakeSwap
bsc,0x72121d60b0e2f01c0fb7fe32ca24021b42165a40,PancakeSwap
bsc,0x25b98d16484145def80045dafd83042a4a682f21,PancakeSwap
bsc,0xd28dae6c3961bc22c399c078cecc550addf742cc,PancakeSwap
bsc,0x469e0d351b868cb397967e57a00dc7de082542a3,PancakeSwap
bsc,0x1a12ad9de9df2416a058526cb2b55bb8bc59839b,PancakeSwap
bsc,0xba01662e978de7d67f8ffc937726215eb8995d17,PancakeSwap
bsc,0xa67dc75a2d8175a481513ccff27dce10634de0e9,PancakeSwap
bsc,0xf23ebb5f61b3095a5f72635d9ebc96a917a29a5a,PancakeSwap
bsc,0x5226a2c7be3d239636fb144722fd45b99ab80a24,PancakeSwap
bsc,0x04f499c40d4a3e88fd40c96f0d479649cfd67b7c,PancakeSwap
bsc,0x5f4a226b15781698e3b8c2fa9b13c2e57ecdb144,PancakeSwap
bsc,0x3c7e7122f4ddcfc5b5c31b5c735ce2ae3b015856,PancakeSwap
bsc,0x3fb0548cac6cb934f61c2e2c7df6bbfe46cf4a43,PancakeSwap
bsc,0xc2d245919db52ea4d5d269b0c710056639176ead,Thena
bsc,0x656aa2eaa2f0ef876686c76c36a010e0f4d1e4a3,PancakeSwap
bsc,0x531febfeb9a61d948c384acfbe6dcc51057aea7e,PancakeSwap
bsc,0xe68d05418a8d7969d9ca6761ad46f449629d928c,PancakeSwap
bsc,0x56730e4c005a0939b673455f3fe23ec1915480a8,KyberSwap Elastic
bsc,0x69afe59e88614501c3fdeb7480f12dba0a414032,PancakeSwap
bsc,0x68986cb012db6022efbb23322632b38829c8ad07,PancakeSwap
bsc,0x38a4bbcceb4401165415be948834cc3e59402d55,PancakeSwap
bsc,0x207b298f4e08facb491f13e8335969e12c912d3e,PancakeSwap
bsc,0xab73699c28be68434052c7de99c3e24edb769c32,PancakeSwap
bsc,0x31358d8e902b0ce00f0eec16d0a7790a766581e1,PancakeSwap
bsc,0x13de257cb86a08753df938b6ad30d1a456a863e6,Nomiswap
bsc,0xee87f890a46e90671ece79b2387a6186dc16c8c4,PancakeSwap
bsc,0x92247860a03f48d5c6425c7ca35cdcfcb1013aa1,PancakeSwap
bsc,0x9941347e23ba9350b283ce0b33b08c7177b03c5b,PancakeSwap
bsc,0x158befde95a3b2b5c915d04b0fbeefb1a542ca53,PancakeSwap
bsc,0x6a78caed4c4bf0ee494dd80034935323512e794a,PancakeSwap
bsc,0xe730c7b7470447ad4886c763247012dfd233baff,BabySwap
bsc,0x8ddc543cb4be74d8a4979dccfc79c18bdefd2dad,Thena
bsc,0x249cd054697f41d73f1a81fa0f5279fcce3cf70c,BabySwap
bsc,0x42ebfa37f82ef1819c1718bf083d3fc45427395a,PancakeSwap
bsc,0x9535a3fd02849e9798e741c5cc0ff023cf809fe0,PancakeSwap
bsc,0xaa98ecaaf8f969631ed56d9e260eec2940cbb15b,PancakeSwap
bsc,0x51e6d27fa57373d8d4c256231241053a70cb1d93,ApeSwap
bsc,0xb03714c22341eb664889dd53a3e6a17030a03f42,PancakeSwap
bsc,0xe7fbb8bd95322618e925affd84d7ec0e32dc0e57,Biswap
bsc,0x639bf1d9f3a683b28369708596aefe38f2988e9c,PancakeSwap
bsc,0x646eab21da671189a1ec58efc4b988c8140ee094,PancakeSwap
bsc,0x6a445ceb72c8b1751755386c3990055ff92e14a0,PancakeSwap
bsc,0xaf6389e0281337cf810b5843ebae12dbf5a0eaf4,Thena
bsc,0xeb58a4d07990ff50b9f8289701cbddf9052570b5,Thena
bsc,0x062f88e2b4896e823ac78ac314468c29eec4186d,PancakeSwap
bsc,0x560b96f81a2190ff6ac84ebfd17788bab3679cbc,PancakeSwap
bsc,0x5f75fc9a9082c770db0899885a55f676eac6784a,PancakeSwap
bsc,0x1ef315fa08e0e1b116d97e3dfe0af292ed8b7f02,Biswap
bsc,0xa30bbec51e8fe37811f643f32d8909ce766e4603,PancakeSwap
bsc,0x412b607f4cbe9cae77c6f720a701cd60fa0ebd3f,Biswap
bsc,0xb62bb233af2f83028be19626256a9894b68aae5e,PancakeSwap
bsc,0x3a2afa6ae6af7227a377203a5c83da061f5eec89,PancakeSwap
bsc,0x7411a860350abb7698fccd572931ccc1bf06dbfd,PancakeSwap
bsc,0x73eda54a43c6a3d08ee30b089ef4c1bc3d0d4d9b,PancakeSwap
bsc,0xee90c67c9dd5de862f4eabfdd53007a2d95df5c6,PancakeSwap
bsc,0xe98ac95a1db2fcaaa9c7d4ba7ecfce4877ca2bea,PancakeSwap
bsc,0x2c7a7ef1de5d007f16401bbe80b127d9b94b0d9d,PancakeSwap
bsc,0x7eb5d86fd78f3852a3e0e064f2842d45a3db6ea2,PancakeSwap
bsc,0x1150990081ad93689e1c3c9fcfc04092b7c61f11,PancakeSwap
bsc,0x0b03e3d6ec0c5e5bbf993ded8d947c6fb6eec18d,PancakeSwap
bsc,0x52a499333a7837a72a9750849285e0bb8552de5a,Biswap
bsc,0xe82ce351bcd8ad8e2017db0c66b8608019c87ffc,PancakeSwap
bsc,0xd99d2241a64fadaa7b501c7f52a3925afd0c3553,PancakeSwap
bsc,0xcfe704b05f732d1e4aeb720a38596504a072da88,PancakeSwap
bsc,0x8b1cdd40cfcbb9866cc77c8bf0fb215c535268a5,PancakeSwap
bsc,0x7af1a4bde1db587eaa6260f90330dfc3a0e31c5b,PancakeSwap
bsc,0xb55cd13d77df381ef1c54412fd6435e702eabe54,PancakeSwap
bsc,0x4664dd5347113886e989b2a47a2fc45cccf495d9,PancakeSwap
bsc,0x150990b9630ffe2322999e86905536e2e7e8d93f,Thena
bsc,0x2e39f393a584eb3672c3872ff1c5baef886cdef4,PancakeSwap
bsc,0xf5d3cba24783586db9e7f35188ec0747ffb55f9b,PancakeSwap
bsc,0xc78153b15ccc931205c62af311aebbb9751d354e,PancakeSwap
bsc,0xb82849c0bc8be685efacb882183b3688e69524ef,Ellipsis
bsc,0xd9096c07182111b0a334538d533353c7b7dad4bb,PancakeSwap
bsc,0x31f4b05ddfc9c66c2e11642d443708c01156d4b5,PancakeSwap
bsc,0xa11265a58d9f5a2991fe8476a9afea07031ac5bf,PancakeSwap
bsc,0xa551bbeb6cf49ac1a4dfa556251594877fd6a7c0,PancakeSwap
bsc,0x5c10bd6604a2f77cb9c0b75bba14a7a11e7d73ac,PancakeSwap
bsc,0x075e794f631ee81df1aadb510ac6ec8803b0fa35,Thena
bsc,0xe481c79e9938c6ef20e836446ce753c4fa75b985,PancakeSwap
bsc,0xcf470b9e36d99691b1f52998b368df5be318ff9f,PancakeSwap
bsc,0x9c138be1d76ee4c5162e0fe9d4eea5542a23d1bd,PancakeSwap
bsc,0x1f1f24364fda48a4e8895225a07f6473b89ac72f,PancakeSwap
bsc,0x2a723e6de06833645f0d0bd06a385a5a44bfeceb,KyberSwap Elastic
bsc,0xe1c69ac41bb536a90c82a443d9063f85e7932a70,PancakeSwap
bsc,0xc57220b65dd9200562aa73b850c06be7bd632b57,Ellipsis
eth,0x76764f4f6afed0329e72cf6982d83f877ee9ebae,Uniswap V3
eth,0x76764f4f6afed0329e72cf6982d83f877ee9ebae,Uniswap V3
eth,0xdc24316b9ae028f1497c275eb9192a3ea0f67022,Curve Finance
eth,0x2dded6da1bf5dbdf597c45fcfaa3194e53ecfeaf,Curve Finance
eth,0x2dded6da1bf5dbdf597c45fcfaa3194e53ecfeaf,Curve Finance
eth,0xdcef968d416a41cdac0ed8702fac8128a64241a2,Curve Finance
eth,0xbebc44782c7db0a1a60cb6fe97d0b483032ff1c7,Curve Finance
eth,0xd632f22692fac7611d2aa1c0d552930d43caed3b,Curve Finance
eth,0x32296969ef14eb0c6d29669c550d4a0449130230,Balancer
eth,0x32296969ef14eb0c6d29669c550d4a0449130230,Balancer
eth,0x5c6ee304399dbdb9c8ef030ab642b10820db8f56,Balancer
eth,0xcbcdf9626bc03e24f779434178a73a0b4bad62ed,Uniswap V3
eth,0x5744957861cf2a51ba2ad1c0262438aaaf5c54a9,KyberSwap Elastic
eth,0x5777d92f208679db4b9778590fa3cab3ac9e2168,Uniswap V3
eth,0xd51a44d3fae010294c616388b506acda1bfaae46,Curve Finance
eth,0x88e6a0c2ddd26feeb64f039a2c41296fcb3f5640,Uniswap V3
eth,0x6c6bc977e13df9b0de53b251522280bb72383700,Uniswap V3
eth,0x4585fe77225b41b697c938b018e2ac67ac5a20c0,Uniswap V3
eth,0xa1f8a6807c402e4a15ef4eba36528a3fed24e577,Curve Finance
eth,0x8ad599c3a0ff1de082011efddc58f1908eb6e6d8,Uniswap V3
eth,0x21b8065d10f73ee2e260e5b47d3344d3ced7596e,Uniswap
eth,0xc63b0708e2f7e69cb8a1df0e1389a98c35a76d52,Uniswap V3
eth,0x4f1feed9a33e6125d3b394c5821c5e9d7dfb7134,Uniswap V3
eth,0x1e19cf2d73a72ef1332c882f20534b6519be0276,Balancer
eth,0x7379e81228514a1d2a6cf7559203998e20598346,Uniswap V3
eth,0x7379e81228514a1d2a6cf7559203998e20598346,Uniswap V3
eth,0x6a091a3406e0073c3cd6340122143009adac0eda,SushiSwap
eth,0xa5407eae9ba41422680e2e00537571bcc53efbfd,Curve Finance
eth,0xd658a338613198204dca1143ac3f01a722b5d94a,Curve Finance
eth,0x4e68ccd3e89f51c3074ca5072bbac773960dfa36,Uniswap V3
eth,0x8301ae4fc9c624d1d396cbdaa1ed877821d7c511,Curve Finance
eth,0x9d0464996170c6b9e75eed71c68b99ddedf279e8,Curve Finance
eth,0x63a65a174cc725824188940255ad41c371f28f28,Solidly
eth,0xb576491f1e6e5e62f1d8f26062ee822b40b0e0d4,Curve Finance
eth,0xb30da2376f63de30b42dc055c93fa474f31330a5,Curve Finance
eth,0x11b815efb8f581194ae79006d24e0d814b7697f6,Uniswap V3
eth,0x03b59bd1c8b9f6c265ba0c3421923b93f15036fa,Frax
eth,0x0d4a11d5eeaac28ec3f61d100daf4d40471f1852,Uniswap
eth,0xb4e16d0168e52d35cacd2c6185b44281ec28c9dc,Uniswap
eth,0xc5424b857f758e906013f3555dad202e4bdb4567,Curve Finance
eth,0x9816f26f43c4c02df0daae1a0ba6a4dcd30b8ab7,Uniswap
eth,0x1d42064fc4beb5f8aaf85f4617ae8b3b5b8bd801,Uniswap V3
eth,0xd1ec5e215e8148d76f4460e4097fd3d5ae0a3558,Balancer
eth,0x9409280dc1e6d33ab7a8c6ec03e5763fb61772b5,Curve Finance
eth,0x4ce0bd7debf13434d3ae127430e9bd4291bfb61f,Balancer
eth,0x76fcf0e8c7ff37a47a799fa2cd4c13cde0d981c9,Balancer
eth,0x61b62c5d56ccd158a38367ef2f539668a06356ab,Uniswap
eth,0x397ff1542f962076d0bfe58ea045ffa2d347aca0,SushiSwap
eth,0x3416cf6c708da44db2624d63ea0aaef7113527c6,Uniswap V3
eth,0x290a6a7460b308ee3f19023d2d00de604bcf5b42,Uniswap V3
eth,0xae461ca67b15dc8dc81ce7615e0320da1a9ab8d5,Uniswap
eth,0xa3f558aebaecaf0e11ca4b2199cc5ed341edfd74,Uniswap V3
eth,0x5c128d25a21f681e678cb050e551a895c9309945,Uniswap V3
eth,0xed279fdd11ca84beef15af5d39bb4d4bee23f0ca,Curve Finance
eth,0x7858e59e0c01ea06df3af3d20ac7b0003275d4bf,Uniswap V3
eth,0x3211c6cbef1429da3d0d58494938299c92ad5860,Curve Finance
eth,0x99ac8ca7087fa4a2a1fb6357269965a2014abc35,Uniswap V3
eth,0xdebf20617708857ebe4f679508e7b7863a8a8eee,Curve Finance
eth,0x97e7d56a0408570ba1a7852de36350f7713906ec,Uniswap V3
eth,0xecd5e75afb02efa118af914515d6521aabd189f1,Curve Finance
eth,0xc2e9f25be6257c210d7adf0d4cd6e3e881ba25f8,Uniswap V3
eth,0x43b4fdfd4ff969587185cdb6f0bd875c5fc83f8c,Curve Finance
eth,0xebfe63ba0264ad639b3c41d2bfe1ad708f683bc8,KyberSwap Elastic
eth,0xceff51756c56ceffca006cd410b03ffc46dd3a58,SushiSwap
eth,0x06da0fd433c1a5d7a4faa01111c044910a184553,SushiSwap
eth,0xc26b89a667578ec7b3f11b2f98d6fd15c07c54ba,Curve Finance
eth,0xa6cc3c2531fdaa6ae1a3ca84c2855806728693e8,Uniswap V3
eth,0xa2b47e3d5c44877cca798226b7b8118f9bfb7a56,Curve Finance
eth,0x97be09f2523b39b835da9ea3857cfa1d3c660cbb,Uniswap
eth,0xef6bd9a62177dbc80d2eebb87d8012205db4be32,Uniswap V3
eth,0x840deeef2f115cf50da625f7368c24af6fe74410,Uniswap V3
eth,0xe1573b9d29e2183b1af0e743dc2754979a40d237,Uniswap
eth,0xf253f83aca21aabd2a20553ae0bf7f65c755a07f,Curve Finance
eth,0xa478c2975ab1ea89e8196811f51a7b7ade33eb11,Uniswap
eth,0x60594a405d53811d3bc4766596efd80fd545a270,Uniswap V3
eth,0x3e04863dba602713bb5d0edbf7db7c3a9a2b6027,SushiSwap
eth,0xf56d08221b5942c428acc5de8f78489a97fc5599,Uniswap V3
eth,0x7b73644935b8e68019ac6356c40661e1bc315860,Uniswap
eth,0x9ec96dcb54331626b79d8450a3daa9bcfa02e0b0,Uniswap
eth,0xccb63225a7b19dcf66717e4d40c9a72b39331d61,Uniswap
eth,0x87650d7bbfc3a9f10587d7778206671719d9910d,Curve Finance
eth,0x87650d7bbfc3a9f10587d7778206671719d9910d,Curve Finance
eth,0xf4c0dd9b82da36c07605df83c8a416f11724d88b,Balancer
eth,0x4a86c01d67965f8cb3d0aaa2c655705e64097c31,SushiSwap
eth,0x795065dcc9f64b5614c407a6efdc400da6221fb0,SushiSwap
eth,0xe8c6c9227491c0a8156a0106a0204d881bb7e531,Uniswap V3
eth,0x8216f17d1db2cf6f35c44a5d26cdea5d379362c9,Uniswap V3
eth,0x8216f17d1db2cf6f35c44a5d26cdea5d379362c9,Uniswap V3
eth,0xd3d2e2692501a5c9ca623199d38826e513033a17,Uniswap
eth,0x03345aa2a667ab6920f1d0095b071f1923cbd915,Uniswap V3
eth,0xe57180685e3348589e9521aa53af0bcd497e884d,Curve Finance
eth,0xad9fc170bdbd30d2ec38cf26b75e6238fe9ec48f,RadioShack
eth,0xad9fc170bdbd30d2ec38cf26b75e6238fe9ec48f,RadioShack
eth,0xad9fc170bdbd30d2ec38cf26b75e6238fe9ec48f,RadioShack
eth,0x6395ddd70f6a6c300f36f0dcf1fcce07e83143cf,Uniswap V3
eth,0xb6eadc999f4687642dc9d20582ff43ae926a8ad5,Uniswap V3
eth,0xe42318ea3b998e8355a3da364eb9d48ec725eb45,Uniswap V3
eth,0x33baeda08b8afacc4d3d07cf31d49fc1f1f3e893,Curve Finance
eth,0x0f3159811670c117c372428d4e69ac32325e4d0f,Curve Finance
eth,0x4e43151b78b5fbb16298c1161fcbf7531d5f8d93,Curve Finance
eth,0xf95aaa7ebb1620e46221b73588502960ef63dba0,Curve Finance
eth,0xf95aaa7ebb1620e46221b73588502960ef63dba0,Curve Finance
eth,0x48d20b3e529fb3dd7d91293f80638df582ab2daa,Uniswap
eth,0xefb47fcfcad4f96c83d4ca676842fb03ef20a477,ShibaSwap
eth,0x6bfe880ed1d639bf80167b93cc9c56a39c1ba2dc,Curve Finance
eth,0x69d91b94f0aaf8e8a2586909fa77a5c2c89818d5,Uniswap V3
eth,0x453d92c7d4263201c69aacfaf589ed14202d83a4,Curve Finance
eth,0x453d92c7d4263201c69aacfaf589ed14202d83a4,Curve Finance
eth,0x06c3c090b9a3ec53872e8e4af93b77d66b00297b,Uniswap V3
eth,0xa9ffb27d36901f87f1d0f20773f7072e38c5bfba,Uniswap V3
eth,0xc3d03e4f041fd4cd388c549ee2a29a9e5075882f,SushiSwap
eth,0xc29562b045d80fd77c69bec09541f5c16fe20d9d,Balancer
eth,0x87986ae1e99f99da1f955d16930dc8914ffbed56,Uniswap V3
eth,0x87986ae1e99f99da1f955d16930dc8914ffbed56,Uniswap V3
eth,0x5839a39ff94c1e602b6d7284df9f68bb296ef7b9,Uniswap V3
eth,0x56695c26b3cdb528815cd22ff7b47510ab821efd,Frax
eth,0x1498bd576454159bb81b5ce532692a8752d163e8,SushiSwap
eth,0xc2a856c3aff2110c1171b8f942256d40e980c726,Uniswap V3
eth,0x9c4fe5ffd9a9fc5678cfbd93aa2d4fd684b67c4c,Uniswap
eth,0x4807862aa8b2bf68830e4c8dc86d0e9a998e085a,Curve Finance
eth,0x9c6d47ff73e0f5e51be5fd53236e3f595c5793f2,Balancer
eth,0xb460daa847c45f1c4a41cb05bfb3b51c92e41b36,Balancer
eth,0x98a7f18d4e56cfe84e3d081b40001b3d5bd3eb8b,Curve Finance
eth,0xfc1e8bf3e81383ef07be24c3fd146745719de48d,Curve Finance
eth,0x82917fb0dd65b0e5c85eea66e4f5c1ed484bc629,SushiSwap
eth,0xb143bbeb287dcd1034da6e7186ec695316fff78f,Uniswap V3
eth,0x21410232b484136404911780bc32756d5d1a9fa9,Curve Finance
eth,0x21410232b484136404911780bc32756d5d1a9fa9,Curve Finance
eth,0x7fc77b5c7614e1533320ea6ddc2eb61fa00a9714,Curve Finance
eth,0xcf6daab95c476106eca715d48de4b13287ffdeaa,ShibaSwap
eth,0x7b42d77bd2fee3c98baa58d559b83ff3bb4702cf,Curve Finance
eth,0x0ee0cb563a52ae1170ac34fbb94c50e89adde4bd,Uniswap
eth,0xcd452c162da7761f08f656b8e5ede3a385981378,Solidly
eth,0x4ca9b3063ec5866a4b82e437059d2c43d1be596f,Curve Finance
eth,0x4ca9b3063ec5866a4b82e437059d2c43d1be596f,Curve Finance
eth,0x838af967537350d2c44abb8c010e49e32673ab94,Curve Finance
eth,0x3041cbd36888becc7bbcbc0045e3b1f144466f5f,Uniswap
eth,0xc3f279090a47e80990fe3a9c30d24cb117ef91a8,SushiSwap
eth,0xe6bcb55f45af6a2895fadbd644ced981bfa825cb,KyberSwap Elastic
eth,0x4f062658eaaf2c1ccf8c8e36d6824cdf41167956,Curve Finance
eth,0xd4e7a6e2d03e4e48dfc27dd3f46df1c176647e38,SushiSwap
eth,0xe15e6583425700993bd08f51bf6e7b73cd5da91b,Uniswap V3
eth,0xdf19389d0b2bee33230d73f07c8e0e2c4e78fb59,Uniswap V3
eth,0xc1cd3d0913f4633b43fcddbcd7342bc9b71c676f,Uniswap V3
eth,0xca7c2771d248dcbe09eabe0ce57a62e18da178c0,Uniswap
eth,0xd9410e276c4147849df154396a6b7ebe8d9abac0,Uniswap V3
eth,0x25647e01bd0967c1b9599fa3521939871d1d0888,Uniswap
eth,0xdb06a76733528761eda47d356647297bc35a98bd,SushiSwap
eth,0xe3c190c57b5959ae62efe3b6797058b76ba2f5ef,Curve Finance
eth,0x2d0ba902badaa82592f0e1c04c71d66cea21d921,Uniswap
eth,0xf58b9748e838d09ff3ccc20d602321003c516dc2,Uniswap V3
eth,0x68082ecc5bbad8fe77c2cb9d0e3403d9a00ccbc2,Uniswap V3
eth,0xac4b3dacb91461209ae9d41ec517c2b9cb1b7daf,Uniswap V3
eth,0x6e314039f4c56000f4ebb3a7854a84cc6225fb92,Curve Finance
eth,0xc54ba7aabe7164ca2aa092900060fe2ba6eccd8b,Uniswap
eth,0x088ee5007c98a9677165d78dd2109ae4a3d04d0c,SushiSwap
eth,0x326290a1b0004eee78fa6ed4f1d8f4b2523ab669,Curve Finance
eth,0x97e1fcb93ae7267dbafad23f7b9afaa08264cfd8,Uniswap
eth,0x824a30f2984f9013f2c8d0a29c0a3cc5fd5c0673,Uniswap V3
eth,0x2eb8f5708f238b0a2588f044ade8dea7221639ab,Uniswap V3
eth,0xf1ddc084500fc774bb835f412aea908259b55ce4,Uniswap V3
eth,0x74ed5d42203806c8cdcf2f04ca5f60dc777b901c,Curve Finance
eth,0x74ed5d42203806c8cdcf2f04ca5f60dc777b901c,Curve Finance
eth,0x74ed5d42203806c8cdcf2f04ca5f60dc777b901c,Curve Finance
eth,0x9e0905249ceefffb9605e034b534544684a58be6,Uniswap V3
eth,0xe3d3551bb608e7665472180a20280630d9e938aa,Uniswap
eth,0xcb0e14e96f2cefa8550ad8e4aea344f211e5061d,Balancer
eth,0xb90e7d6cc60d8d044f0b1bcf192e9c2ab06b18af,Uniswap V3
eth,0xb90e7d6cc60d8d044f0b1bcf192e9c2ab06b18af,Uniswap V3
eth,0xb90e7d6cc60d8d044f0b1bcf192e9c2ab06b18af,Uniswap V3
eth,0x31503dcb60119a812fee820bb7042752019f2355,SushiSwap
eth,0x34ff465ee92516e9855eb60f520df0384f410b45,Uniswap V3
eth,0x992f534fcc87864875224d142d6bf054b1882160,Uniswap V3
eth,0x992f534fcc87864875224d142d6bf054b1882160,Uniswap V3
eth,0x5281e311734869c64ca60ef047fd87759397efe6,Uniswap
eth,0x3ffedcddd268511acc44ae67845bdd56c8417fa4,Uniswap V3
eth,0x07af6bb51d6ad0cf126e3ed2dee6eac34bf094f8,Frax
eth,0x0ce6a5ff5217e38315f87032cf90686c96627caa,Curve Finance
eth,0x0ce6a5ff5217e38315f87032cf90686c96627caa,Curve Finance
eth,0x0e9b5b092cad6f1c5e6bc7f89ffe1abb5c95f1c2,Curve Finance
eth,0x11181bd3baf5ce2a478e98361985d42625de35d1,Uniswap
eth,0x4b5ab61593a2401b1075b90c04cbcdd3f87ce011,Uniswap V3
eth,0x470e8de2ebaef52014a47cb5e6af86884947f08c,Uniswap
eth,0x6ada49aeccf6e556bb7a35ef0119cc8ca795294a,Uniswap
eth,0x5ab53ee1d50eef2c1dd3d5402789cd27bb52c1bb,Uniswap V3
eth,0xa4e0faa58465a2d369aa21b3e42d43374c6f9613,Uniswap V3
eth,0x958db6e53d1c2bc18daa0ec86a05eb2244dd4e94,Uniswap
eth,0x958db6e53d1c2bc18daa0ec86a05eb2244dd4e94,Uniswap
eth,0xec54859519293b8784bc5bf28144166f313618af,Uniswap
eth,0x5fae7e604fc3e24fd43a72867cebac94c65b404a,Curve Finance
eth,0x4a08cf0a7bca217c24b9ee99c0395052f3707d68,Uniswap
eth,0x084b5191bd08412952337b1108b6e5942418928f,Uniswap V3
eth,0x6d74443bb2d50785989a7212ebfd3a8dbabd1f60,Uniswap
eth,0x666ed8c2151f00e7e58b4d941f65a9df68d2245b,Uniswap V3
eth,0xff64cb7ba5717a10dabc4be3a41acd2c2f95ee22,ShibaSwap
eth,0xb08885e6026bab4333a80024ec25a1a3e1ff2b8a,Balancer
eth,0x2bc477c7c00511ec8a2ea667dd8210af9ff15e1d,Uniswap V3
eth,0xf7b55c3732ad8b2c2da7c24f30a69f55c54fb717,Curve Finance
eth,0xf7b55c3732ad8b2c2da7c24f30a69f55c54fb717,Curve Finance
eth,0x61eb53ee427ab4e007d78a9134aacb3101a2dc23,SushiSwap
eth,0x8ef79d6c328c25da633559c20c75f638a4863462,Uniswap
eth,0xbec570d92afb7ffc553bdd9d4b4638121000b10d,Curve Finance
eth,0x9db9e0e53058c89e5b94e29621a205198648425b,Uniswap V3
eth,0xc5be99a02c6857f9eac67bbce58df5572498f40c,Uniswap
eth,0xe532b04d2f2e921dfec69e132e9214d2f82df304,Uniswap
eth,0x8a34b5ad76f528bfec06c80d85ef3b53da7fc300,Balancer
eth,0x6033368e4a402605294c91cf5c03d72bd96e7d8d,Uniswap
eth,0x29f0096512b4af1d689c1a11a867a6e707a8dcde,Uniswap V3
eth,0xb64508b9f7b81407549e13db970dd5bb5c19107f,Uniswap V3
eth,0x8eb6c82c3081bbbd45dcac5afa631aac53478b7c,Balancer
eth,0x31c325a01861c7dbd331a9270296a31296d797a0,Curve Finance
eth,0x5720eb958685deeeb5aa0b34f677861ce3a8c7f5,Uniswap V3
eth,0xcd8286b48936cdac20518247dbd310ab681a9fbf,Uniswap V3
eth,0xa5e9c917b4b821e4e0a5bbefce078ab6540d6b5e,Uniswap
eth,0x3016a43b482d0480460f6625115bd372fe90c6bf,Uniswap
eth,0x072f14b85add63488ddad88f855fda4a99d6ac9b,Balancer
eth,0x6a6283ab6e31c2aec3fa08697a8f806b740660b2,Curve Finance
eth,0xd1d5a4c0ea98971894772dcd6d2f1dc71083c44e,Uniswap V3
eth,0x786b582a0bbcac5d192d7e039f49c116ac5f05a8,Uniswap V3
eth,0x31351bf3fba544863fbff44ddc27ba880916a199,Frax
eth,0x2e8135be71230c6b1b4045696d41c09db0414226,PancakeSwap
eth,0x92762b42a06dcdddc5b7362cfb01e631c4d44b40,Balancer
eth,0x2f62f2b4c5fcd7570a709dec05d68ea19c82a9ec,Uniswap V3
eth,0xcaa004418eb42cdf00cb057b7c9e28f0ffd840a5,Uniswap
eth,0xf6c4e4f339912541d3f8ed99dba64a1372af5e5b,Uniswap
eth,0xf6c4e4f339912541d3f8ed99dba64a1372af5e5b,Uniswap
eth,0xbb5e639a18631e38df1569e1fd2dc81c6d1ce1d4,Uniswap V3
eth,0x8fe4c78061c64fdf4a294e0cfdbb79595432b45a,Uniswap V3
eth,0x8fe4c78061c64fdf4a294e0cfdbb79595432b45a,Uniswap V3
eth,0x21d158d95c2e150e144c36fc64e3653b8d6c6267,Curve Finance
eth,0x3be033b60bc4aa789368954595332fab143987ec,Uniswap V3
eth,0x19b080fe1ffa0553469d20ca36219f17fcf03859,Curve Finance
eth,0x92560c178ce069cc014138ed3c2f5221ba71f58a,Uniswap V3
eth,0x343fd171caf4f0287ae6b87d75a8964dc44516ab,Uniswap
eth,0x570febdf89c07f256c75686caca215289bb11cfc,Uniswap
eth,0x6021444f1706f15465bee85463bcc7d7cc17fc03,TempleDAO
eth,0xa96a65c051bf88b4095ee1f2451c2a9d43f53ae2,Curve Finance
eth,0x7d8311f7e0c1d19c1096e43e8b6c17b67fb6aa2e,Solidly
eth,0x5122e01d819e58bb2e22528c0d68d310f0aa6fd7,Balancer
eth,0x5122e01d819e58bb2e22528c0d68d310f0aa6fd7,Balancer
eth,0x058d79a4c6eb5b11d0248993ffa1faa168ddd3c0,Uniswap V3
eth,0xa29fe6ef9592b5d408cca961d0fb9b1faf497d6d,Uniswap
eth,0x336ef4e633b1117dca08c1a57f4139c62c32c935,Uniswap
eth,0x752ebeb79963cf0732e9c0fec72a49fd1defaeac,Curve Finance
eth,0x9ff68f61ca5eb0c6606dc517a9d44001e564bb66,Uniswap
eth,0x9838eccc42659fa8aa7daf2ad134b53984c9427b,Curve Finance
eth,0x17c1ae82d99379240059940093762c5e4539aba5,PancakeSwap
eth,0x350196326aeaa9b98f1903fb5e8fc2686f85318c,Balancer
eth,0x350196326aeaa9b98f1903fb5e8fc2686f85318c,Balancer
eth,0x2bac101f9769aeff63c63effb4189152e833649f,Frax
eth,0xf8d99cf7046dedcb1dc8cfc309aa96946c9b9db2,Uniswap
eth,0xf8d99cf7046dedcb1dc8cfc309aa96946c9b9db2,Uniswap
eth,0x919fa96e88d67499339577fa202345436bcdaf79,Uniswap V3
eth,0x33d1cf96df77a1b7d5156212b952275087c70612,Uniswap V3
eth,0x33d1cf96df77a1b7d5156212b952275087c70612,Uniswap V3
eth,0x33d1cf96df77a1b7d5156212b952275087c70612,Uniswap V3
eth,0x33d1cf96df77a1b7d5156212b952275087c70612,Uniswap V3
eth,0xd590931466cdd6d488a25da1e89dd0539723800c,Balancer
eth,0x01fe650ef2f8e2982295489ae6adc1413bf6011f,Curve Finance
eth,0xe9123cbc5d1ea65301d417193c40a72ac8d53501,Curve Finance
eth,0xe9123cbc5d1ea65301d417193c40a72ac8d53501,Curve Finance
eth,0xe9123cbc5d1ea65301d417193c40a72ac8d53501,Curve Finance
eth,0x175124ef3bfd2dffaf80437c2b609ad864402f7c,Uniswap V3
eth,0xaeaca8c32039a466fb32bde6f566130a1f49d21e,DOOAR
eth,0x92ab871abb9d567aa276b2ce58d0203d84e0181e,Uniswap V3
eth,0xd2a9f2b88d6df8830522d624db491445362a2797,Uniswap V3
eth,0xd2a9f2b88d6df8830522d624db491445362a2797,Uniswap V3
eth,0x84c333e94aea4a51a21f6cf0c7f528c50dc7592c,Curve Finance
eth,0x832c6f546bf34a552deb8773216a93bf6801028c,Frax
eth,0x151ccb92bc1ed5c6d0f9adb5cec4763ceb66ac7f,Uniswap V3
eth,0x959c7d5706ac0b5a29f506a1019ba7f2a1c70c70,Uniswap V3
eth,0x4c83a7f819a5c37d64b4c5a2f8238ea082fa1f4e,Uniswap V3
eth,0xe05e653453f733786f2dabae0ffa1e96cfcc4b25,Uniswap V3
eth,0x7924a818013f39cf800f5589ff1f1f0def54f31f,Uniswap
eth,0x930b2c8ff1de619d4d6594da0ba03fdeda09a672,Uniswap V3
eth,0x930b2c8ff1de619d4d6594da0ba03fdeda09a672,Uniswap V3
eth,0x9a834b70c07c81a9fcd6f22e842bf002fbffbe4d,Uniswap V3
eth,0x6cca86cc27eb8c7c2d10b0672fe392cfc88e62ff,PancakeSwap
eth,0xb9446c4ef5ebe66268da6700d26f96273de3d571,Curve Finance
eth,0xc730ef0f4973da9cc0ab8ab291890d3e77f58f79,Uniswap
eth,0xa6f548df93de924d73be7d25dc02554c6bd66db5,Balancer
eth,0xa914a9b9e03b6af84f9c6bd2e0e8d27d405695db,SushiSwap
eth,0x498498fa386ef2860e7abf8c60254580c8c41ec5,Uniswap V3
eth,0x57654ae132413e81459ad2ae70c2570a9b89fb53,ShibaSwap
eth,0x24ee2c6b9597f035088cda8575e9d5e15a84b9df,Uniswap V3
eth,0x4b62fa30fea125e43780dc425c2be5acb4ba743b,Uniswap V3
eth,0xaba540185f4a0d76e6474fcfa66e827077af86e0,Uniswap
eth,0xe9cf42bfcd65e342a96fc063304e22db33e236ac,SushiSwap
eth,0xf9440930043eb3997fc70e1339dbb11f341de7a8,Curve Finance
eth,0xf9440930043eb3997fc70e1339dbb11f341de7a8,Curve Finance
eth,0xf9440930043eb3997fc70e1339dbb11f341de7a8,Curve Finance
eth,0xd6f3768e62ef92a9798e5a8cedd2b78907cecef9,Uniswap
eth,0x0170915a0a6de6eb8dfc4e0f7415ad5a5a2be180,Uniswap V3
eth,0xb079d6be3faf5771e354586dbc47d0a3d37c34fb,Uniswap
eth,0x2caccf71bdf8fff97c06a46eca29b611b1a74b5e,Uniswap
eth,0xf6badfb9b0ab2f8f3fd8225ef1ea12fa689ad1a7,ShibaSwap
eth,0x497ce58f34605b9944e6b15ecafe6b001206fd25,Curve Finance
eth,0x2f0b1417aa42ebf0b4ca1154212847f6094d708d,Uniswap
eth,0x9663f2ca0454accad3e094448ea6f77443880454,Uniswap V3
eth,0xfcd13ea0b906f2f87229650b8d93a51b2e839ebd,Uniswap
eth,0xf6ed2390be39c783ae78893c91669eeb635d0429,Uniswap V3
eth,0x1c98562a2fab5af19d8fb3291a36ac3c618835d9,Uniswap V3
eth,0x96646936b91d6b9d7d0c47c496afbf3d6ec7b6f8,Balancer
eth,0x99132b53ab44694eeb372e87bced3929e4ab8456,Uniswap V3
eth,0xffa98a091331df4600f87c9164cd27e8a5cd2405,Uniswap
eth,0x1570af3df649fc74872c5b8f280a162a3bdd4eb6,Curve Finance
eth,0x44ee37ba8c98493f2590811c197ddd474c911d46,Uniswap
eth,0x44ee37ba8c98493f2590811c197ddd474c911d46,Uniswap
eth,0x82743c07bf3be4d55876f87bca6cce5f84429bd0,Uniswap V3
eth,0x4c54ff7f1c424ff5487a32aad0b48b19cbaf087f,Uniswap V3
eth,0x58fcd403610e772d68726b55183eb958a7581731,Uniswap V3
eth,0x035a397725d3c9fc5ddd3e56066b7b64c749014e,Uniswap
eth,0xbc32d18c5c1138094dabeb3b4d5b720db75c823c,Uniswap V3
eth,0xbc32d18c5c1138094dabeb3b4d5b720db75c823c,Uniswap V3
eth,0xdee44be1e2ac944beb45ec9f0c270164fabc12e2,Uniswap V3
eth,0x29a8dc0e5cbf5a091383e4e0e17a21435923841c,Uniswap V3
eth,0xc96f20099d96b37d7ede66ff9e4de59b9b1065b1,SushiSwap
eth,0xaf996125e98b5804c00ffdb4f7ff386307c99a00,Uniswap
eth,0xc08ed9a9abeabcc53875787573dc32eee5e43513,SushiSwap
eth,0xd8de6af55f618a7bc69835d55ddc6582220c36c0,Uniswap V3
eth,0x06df3b2bbb68adc8b0e302443692037ed9f91b42,Balancer
eth,0x2de32a7c98c3ef6ec79e703500e8ca5b2ec819aa,Balancer
eth,0xf4ad61db72f114be877e87d62dc5e7bd52df4d9b,Uniswap V3
eth,0x537a0a5654045c52ec45c4c86ed0c1ffe893809d,Uniswap V3
eth,0x129360c964e2e13910d603043f6287e5e9383374,Uniswap V3
eth,0x129360c964e2e13910d603043f6287e5e9383374,Uniswap V3
eth,0xc3d7aa944105d3fafe07fc1822102449c916a8d0,Uniswap
eth,0xc3d7aa944105d3fafe07fc1822102449c916a8d0,Uniswap
eth,0xc3d7aa944105d3fafe07fc1822102449c916a8d0,Uniswap
eth,0x67cea36eeb36ace126a3ca6e21405258130cf33c,Uniswap
eth,0xa4338fdd37405e72985ea6dea8c328171b34c1d3,KyberSwap Elastic
eth,0xa4338fdd37405e72985ea6dea8c328171b34c1d3,KyberSwap Elastic
eth,0xa4338fdd37405e72985ea6dea8c328171b34c1d3,KyberSwap Elastic
eth,0xc0067d751fb1172dbab1fa003efe214ee8f419b6,Uniswap
eth,0xc40d16476380e4037e6b1a2594caf6a6cc8da967,SushiSwap
eth,0x845c0179060362f071ff5c7f1d2703617a480f3e,Verse
eth,0xd43b29aaf8ad938cff4f478a0756defffb329d07,Uniswap V3
eth,0xe2680fd7cdbb04e9087a647ad4d023ef6c8fb4e2,Uniswap V3
eth,0x04929f9e31f18e0b37c54d0782fa4166c587c081,KyberSwap Elastic
eth,0x04929f9e31f18e0b37c54d0782fa4166c587c081,KyberSwap Elastic
eth,0x2dd35b4da6534230ff53048f7477f17f7f4e7a70,Uniswap V3
eth,0x9af0f334f9f451ce9e650278e56fec212f35cec1,Uniswap
eth,0x0a55882f4e1117adc54afbbac4a39079ad52fb89,Uniswap V3
eth,0x04b727c7e246ca70d496ecf52e6b6280f3c8077d,Curve Finance
eth,0x642431623ae5d73c19fc931aaea0d4677303880c,Solidly
eth,0x02976320ef83e1413a9307b34c463a19ab484b5e,Uniswap V3
eth,0x735a26a57a0a0069dfabd41595a970faf5e1ee8b,Uniswap V3
eth,0xb3f49c0efbc22369206c886956a286942c7b4263,Uniswap V3
eth,0x54578b6f942aeb23b67a8cef24220651306b8e26,Uniswap V3
eth,0xe471f93c2be15b64e9ec63bbf485446cb934e8c4,Uniswap
eth,0xcd6bcca48069f8588780dfa274960f15685aee0e,Uniswap
eth,0x13b876c26ad6d21cb87ae459eaf6d7a1b788a113,Curve Finance
eth,0x9c84f58bb51fabd18698efe95f5bab4f33e96e8f,Uniswap
eth,0x9def9511fec79f83afcbffe4776b1d817dc775ae,Uniswap
eth,0xcd423f3ab39a11ff1d9208b7d37df56e902c932b,Uniswap V3
eth,0xb5f790a03b7559312d9e738df5056a4b4c8459f4,Uniswap
eth,0xb5f790a03b7559312d9e738df5056a4b4c8459f4,Uniswap
eth,0x0efb424c465dbd0a626359d63412838f727f2c25,Uniswap
eth,0x4149d1038575ce235e03e03b39487a80fd709d31,Curve Finance
eth,0xdf60e6416fcf8c955fddf01148753a911f7a5905,Uniswap
eth,0xb03f87e577c4fe4685cf2c88a8473414bb1d04f1,Uniswap V3
eth,0xb03f87e577c4fe4685cf2c88a8473414bb1d04f1,Uniswap V3
eth,0xf82d8ec196fb0d56c6b82a8b1870f09502a49f88,Uniswap
eth,0x808db6e464279c6a77a1164e0b34d64bd6fb526e,Curve Finance
eth,0xbc5f4f9332d8415aaf31180ab4661c9141cc84e4,Balancer
eth,0x3b685307c8611afb2a9e83ebc8743dc20480716e,Uniswap V3
eth,0x1533f61facb7cc3a632b12ea9f55d3fbb57309e0,Uniswap
eth,0xeb16ae0052ed37f479f7fe63849198df1765a733,Curve Finance
eth,0xeb16ae0052ed37f479f7fe63849198df1765a733,Curve Finance
eth,0x20666fbb965dca58147a71ceaefed1858b52a374,Uniswap V3
eth,0x20666fbb965dca58147a71ceaefed1858b52a374,Uniswap V3
eth,0xe8cc7e765647625b95f59c15848379d10b9ab4af,Balancer
eth,0xa2107fa5b38d9bbd2c461d6edf11b11a50f6b974,Uniswap
eth,0x15d12305d0f57c99d947e66d4164094ffccf78fc,Uniswap V3
eth,0xcd83055557536eff25fd0eafbc56e74a1b4260b3,Uniswap V3
eth,0x4cd36d6f32586177e36179a810595a33163a20bf,Uniswap
eth,0x342d1c4aa76ea6f5e5871b7f11a019a0eb713a4f,Curve Finance
eth,0x82c427adfdf2d245ec51d8046b41c4ee87f0d29c,Uniswap V3
eth,0x3fa5db0910afc2a1e6de45039ea217410fb8641d,Uniswap
eth,0xb011e4eb4111ef00b620a5ed195836dcd69db1ff,Uniswap V3
eth,0x6ae0cdc5d2b89a8dcb99ad6b3435b3e7f7290077,Uniswap V3
eth,0xdf4f3749bb4e96bf91a67c7e873d9c04198d924a,Uniswap
eth,0x48da0965ab2d2cbf1c17c09cfb5cbe67ad5b1406,Uniswap V3
eth,0x85787f754bbf19a837dae17e35a3c79c092a7382,Uniswap V3
eth,0x85787f754bbf19a837dae17e35a3c79c092a7382,Uniswap V3
eth,0xfca9090d2c91e11cc546b0d7e4918c79e0088194,Uniswap V3
eth,0x3012e36cc30eb7ed916b8d4b82750b39551874dc,Uniswap V3
eth,0xcb386c406181f61839f5ee6943afc6894608337e,Uniswap V3
eth,0x2ca1d6950182d28434f89a719ed9e915b8c417b5,Uniswap V3
eth,0x82dbc2673e9640343d263a3c55de49021ad39ae2,SushiSwap
eth,0x3478b3ecc153ce61ea3c6788611fdbb374d4305d,Uniswap
eth,0x3478b3ecc153ce61ea3c6788611fdbb374d4305d,Uniswap
eth,0x27fd0857f0ef224097001e87e61026e39e1b04d1,Uniswap
eth,0xb0f4a77bde7fee134265307c5cc19abff0ba409b,Uniswap V3
eth,0x8a127deb3417793a58ca9f615e389d5a688312a3,Uniswap V3
eth,0x3688ec45e6c03e78954f96a17d3dc4d7c4794ca4,Uniswap V3
eth,0xf848e97469538830b0b147152524184a255b9106,Uniswap
eth,0x0fafafd3c393ead5f5129cfc7e0e12367088c473,Curve Finance
eth,0xda3a20aad0c34fa742bd9813d45bbf67c787ae0b,Uniswap
eth,0x36e2fcccc59e5747ff63a03ea2e5c0c2c14911e7,SushiSwap
eth,0x329239599afb305da0a2ec69c58f8a6697f9f88d,Curve Finance
eth,0x55d5c232d921b9eaa6b37b5845e439acd04b4dba,Uniswap
eth,0xa2f6a219a51b4682e34a13a94c160d6c79cdca35,Uniswap
eth,0xa2f6a219a51b4682e34a13a94c160d6c79cdca35,Uniswap
eth,0xb386c1d831eed803f5e8f274a59c91c4c22eeac0,Uniswap V3
eth,0xb386c1d831eed803f5e8f274a59c91c4c22eeac0,Uniswap V3
eth,0xfd76be67fff3bac84e3d5444167bbc018f5968b6,Uniswap V3
eth,0x2dee10627a6861e92ee8684c02e28b13fafac304,Uniswap V3
eth,0x99dfde431b40321a35deb6aeb55cf338ddd6eccd,Uniswap
eth,0xaf31fd9c3b0350424bf96e551d2d1264d8466205,Uniswap
eth,0x1e11fcab5bd387bc783f3dd03b379402ee2f9e06,Uniswap
eth,0xd330236c40712d9003768ba70c70af2fc0739451,Uniswap V3
eth,0x88395224c3709be9a700624bd9246459585c56b0,Uniswap V3
eth,0x03bc32cbaf0516945db77a32f2479379585aa17b,Uniswap V3
eth,0x4fc6d57b46dc9c00e43040471b624ac8477b04df,Uniswap
eth,0x4fc6d57b46dc9c00e43040471b624ac8477b04df,Uniswap
eth,0x811beed0119b4afce20d2583eb608c6f7af1954f,Uniswap
eth,0x0e771890c978eb058680199cae7b0b59fe520ad1,Uniswap V3
eth,0x69884da24f31960f694a8fa1f30aa8e0416fbd04,Uniswap
eth,0x5d811a9d059ddab0c18b385ad3b752f734f011cb,Uniswap V3
eth,0x5d811a9d059ddab0c18b385ad3b752f734f011cb,Uniswap V3
eth,0x559ebe4e206e6b4d50e9bd3008cda7ce640c52cb,SushiSwap
eth,0x831261f44931b7da8ba0dcc547223c60bb75b47f,Balancer
eth,0x831261f44931b7da8ba0dcc547223c60bb75b47f,Balancer
eth,0x4a7d4be868e0b811ea804faf0d3a325c3a29a9ad,Uniswap
eth,0xebd54ad6c1d4b079bdc20ecf36dd29d1d76c9977,Uniswap
eth,0x3dd49f67e9d5bc4c5e6634b3f70bfd9dc1b6bd74,Uniswap
eth,0x75f89ffbe5c25161cbc7e97c988c9f391eaefaf9,Uniswap
eth,0xc3b19502f8c02be75f3f77fd673503520deb51dd,Curve Finance
eth,0x514f35a92a13bc7093f299af5d8ebb1387e42d6b,Balancer
eth,0xe3fe800b0de664bf0bca8ad58ecbc73b259047b0,Uniswap V3
eth,0x819f3450da6f110ba6ea52195b3beafa246062de,Uniswap
eth,0xb11158073b4cb6061b61f39cdad5a9acf7b72136,Uniswap V3
eth,0xb11158073b4cb6061b61f39cdad5a9acf7b72136,Uniswap V3
eth,0x9359c87b38dd25192c5f2b07b351ac91c90e6ca7,Uniswap V3
eth,0x32ce7e48debdccbfe0cd037cc89526e4382cb81b,Uniswap
eth,0x0dba3dfee43d9b6450c716c58fdae8d3be37fdc9,ShibaSwap
eth,0x29f07e631a2f990e1f6117c6285a44e746b1f090,Uniswap
eth,0x29f07e631a2f990e1f6117c6285a44e746b1f090,Uniswap
eth,0x3d656dad255ca189d497a7b0f2c4b06ffe5cb9b0,Uniswap V3
eth,0xc897b98272aa23714464ea2a0bd5180f1b8c0025,Curve Finance
eth,0x618788357d0ebd8a37e763adab3bc575d54c2c7d,Curve Finance
eth,0x618788357d0ebd8a37e763adab3bc575d54c2c7d,Curve Finance
eth,0x4be410e2ff6a5f1718ada572afa9e8d26537242b,Uniswap V3
eth,0x80c7770b4399ae22149db17e97f9fc8a10ca5100,Uniswap V3
eth,0x1837164d1ac7cb56d75c8964aab903a26ee02286,Uniswap V3
eth,0x6490828bd87be38279a36f029f3b9af8b4e14b49,Uniswap
eth,0x153f2044feace1eb377c6e1cf644d12677bd86fd,Uniswap
eth,0x0be902716176d66364f1c2ecf25829a6d95c5bee,Uniswap
eth,0x0be902716176d66364f1c2ecf25829a6d95c5bee,Uniswap
eth,0x0be902716176d66364f1c2ecf25829a6d95c5bee,Uniswap
eth,0x3df70e5b6edead5277590d3de5731d17f46e043b,Uniswap
eth,0xfceaaf9792139bf714a694f868a215493461446d,SushiSwap
eth,0x31fa985bb0c282a814e7f3f0dce88b2a44197f60,SushiSwap
eth,0x3854612b93b140726167cca5418b01e832515d42,Uniswap
eth,0xc25a70151578fc52c3e3e5d379249488abc4ef71,Uniswap V3
eth,0x7736b5006d90d5d5c0ee8148f1ea07ef82ab1677,Uniswap V3
eth,0x1a89ae3ba4f9a97b10bac6a77061f00bb956858b,Uniswap V3
eth,0xfe9a776154f30281517d4f06578591911906f4e1,SushiSwap
eth,0x23d15edceb5b5b3a23347fa425846de80a2e8e5c,Uniswap
eth,0x23d15edceb5b5b3a23347fa425846de80a2e8e5c,Uniswap
eth,0x9c2dc3d5ffcecf61312c5f4c00660695b32fb3d1,DOOAR
eth,0xa40bb1c47f6dd27142a2bd7c93bfa98db9d1f5c5,Uniswap
eth,0x14b49fe0aeca3beabfee01b16900322313089681,Uniswap V3
eth,0x14b49fe0aeca3beabfee01b16900322313089681,Uniswap V3
eth,0x2e4784446a0a06df3d1a040b03e1680ee266c35a,Uniswap V3
eth,0x68d01efdfbe5c0eebe3b19b571b18ae6d6ee16fc,Uniswap V3
eth,0xb2dcaa15fbd8460bcb9cfab5aebea7ab0ed328fe,Uniswap V3
eth,0xb2dcaa15fbd8460bcb9cfab5aebea7ab0ed328fe,Uniswap V3
eth,0xb2dcaa15fbd8460bcb9cfab5aebea7ab0ed328fe,Uniswap V3
eth,0x1e888882d0f291dd88c5605108c72d414f29d460,SushiSwap
eth,0xe68acf3a42b74b0d7609330661732b08a28febee,Uniswap V3
eth,0xe68acf3a42b74b0d7609330661732b08a28febee,Uniswap V3
eth,0x3d3f13f2529ec3c84b2940155effbf9b39a8f3ec,SushiSwap
eth,0xaf585783337434fee47c9abfbd737156f9a84dd1,Uniswap V3
eth,0xaf585783337434fee47c9abfbd737156f9a84dd1,Uniswap V3
eth,0x5764a6f2212d502bc5970f9f129ffcd61e5d7563,Uniswap V3
eth,0xf8a95b2409c27678a6d18d950c5d913d5c38ab03,Uniswap V3
eth,0x3bf862093cbb6412b6ee498f4d652bba005aa7f3,Uniswap
eth,0x9437ad40056ca3ec2fc1efe41885ad4b6ac46061,Uniswap V3
eth,0x70bb8e6844dfb681810fd557dd741bcaf027bf94,Uniswap V3
eth,0xcbcc3cbad991ec59204be2963b4a87951e4d292b,Uniswap V3
eth,0xb5de0c3753b6e1b4dba616db82767f17513e6d4e,SushiSwap
eth,0x3fb4cb7f1e2e5110adf709dd277d77381c886ea9,Uniswap
eth,0x6028eb8adda090cdf08fb5dfbe873081fd736867,Uniswap
eth,0x450e653a0a125a1dc36d3901d3cce2e2287df0c2,Uniswap
eth,0xa148bd19e26ff9604f6a608e22bfb7b772d0d1a3,Curve Finance
eth,0xab04004e95227456310ef7fac95e40d8a4837d45,Uniswap V3
eth,0x941eb6f616114e4ecaa85377945ea306002612fe,Curve Finance
eth,0x393f4022dc0b42ed6f0a01e7be7a492b45ec43e6,Uniswap V3
eth,0xc558f600b34a5f69dd2f0d06cb8a88d829b7420a,SushiSwap
eth,0x8ae720a71622e824f576b4a8c03031066548a3b1,Uniswap
eth,0xf3b675df63fb4889180d290a338fc15c0766fd64,Uniswap
eth,0x4d64fdedc4321a23b4dff449af0e54ddd42e9925,Uniswap V3
eth,0xcf15ad9be9d33384b74b94d63d06b4a9bd82f640,Uniswap V3
eth,0xc1e5a132cdbaa4ddc32356e9e59828e7769ef0a2,KyberSwap Elastic
eth,0x9461173740d27311b176476fa27e94c681b1ea6b,SushiSwap
eth,0x1ee312a6d5fe7b4b8c25f0a32fca6391209ebebf,Uniswap
eth,0x0df99e55fd9f829a2a57097da4469925e90ab8c3,Solidly
eth,0x4fda00d490c1c05ff15d7313d1cebe9c711e434b,Uniswap
eth,0x4fda00d490c1c05ff15d7313d1cebe9c711e434b,Uniswap
eth,0x07840b4825b74cc6ce264bf2743dee647194f49b,Uniswap
eth,0x4d5ef58aac27d99935e5b6b4a6778ff292059991,Uniswap
eth,0x4b3ec6f5290f729e4b9b0ccfbb1dfaa118c078a2,Uniswap
eth,0x4b3ec6f5290f729e4b9b0ccfbb1dfaa118c078a2,Uniswap
eth,0x2d6fcfde9709343c4c7a78d91077473d6b604653,Uniswap V3
eth,0x6d76f7d16ca40dd13e52df3e1615318f763c0241,Uniswap
eth,0x12d4444f96c644385d8ab355f6ddf801315b6254,Uniswap
eth,0x4051e7ac2df5fc28f30f503327aea20ffb96d6c4,Uniswap V3
eth,0xdbb69ea87507525fffbd1c4f1ad6f7d30a9a402e,SushiSwap
eth,0x16e23ed3742e65bbd6dda48ac531b8ecc38f5dd5,Uniswap
eth,0xe45b4a84e0ad24b8617a489d743c52b84b7acebe,Uniswap
eth,0x459e4eeafb9e5d7299bbbcd5b6ab36667ffe3597,Uniswap
eth,0x7270233ccae676e776a659affc35219e6fcfbb10,Uniswap V3
eth,0xfe903a12359496b932e24c5e9b78f1b9060a6342,Uniswap
eth,0x89e4d042c27210c2cdfc472d3ea4a88d30e4c245,Uniswap V3
eth,0xdb02d6827220475ece91893255fdf57bed51aee3,Uniswap V3
eth,0x70ec2fa6eccf4010eaf572d1c1a7bcbc72dec983,Uniswap
eth,0xe936f0073549ad8b1fa53583600d629ba9375161,Uniswap V3
eth,0xe859041c9c6d70177f83de991b9d757e13cea26e,Uniswap V3
eth,0xb2db69d6986fbf38de781ba606923f8ae8d7f437,Uniswap V3
eth,0x65b9ad105b95290bcde1ed91f2f6688232ad5782,Uniswap
eth,0xd050430dd432876cf5622ff60c4dc106b64fa753,Uniswap V3
eth,0xaf9060d26826964c1b9329582e23b4adbf7679e3,Uniswap V3
eth,0x4e0924d3a751be199c426d52fb1f2337fa96f736,Uniswap V3
eth,0x4dc02e1bb2ec1ce4c50c351e6e06505e7b1dce8d,Uniswap
eth,0x8f0350c8be74b4cb0458cbf04d16753000fda9d0,Uniswap V3
eth,0xf2f12b364f614925ab8e2c8bfc606edb9282ba09,Curve Finance
eth,0x441b8a1980f2f2e43a9397099d15cc2fe6d36250,Balancer
eth,0xa3b79b78678c15eec77389b380988b0229da1876,Uniswap
eth,0x8fe536c7dc019455cce34746755c64bbe2aa163b,Uniswap V3
eth,0x75c80ce8fddfc61641bed16cd90c9123f0d9a020,Uniswap V3
eth,0x9b7dad79fc16106b47a3dab791f389c167e15eb0,Uniswap
eth,0x8be08ac723ea6264c99d7ae751667ec914ce0e91,Uniswap V3
eth,0x590d82ed2109ae4649a94796e81e743cac087f24,Uniswap V3
eth,0xfd1cf6fd41f229ca86ada0584c63c49c3d66bbc9,Balancer
eth,0xb84c45174bfc6b8f3eaecbae11dee63114f5c1b2,SushiSwap
eth,0xe3168409fb0ba8ed1200a3dd61e0da3afe32fda5,Balancer
avax,0x7f90122bf0700f9e7e1f688fe926940e8839f353,Curve Finance
avax,0x7f90122bf0700f9e7e1f688fe926940e8839f353,Curve Finance
avax,0xb5352a39c11a81fe6748993d586ec448a01f08b5,TradeJoe
avax,0xf4003f4efbe8691b60249e6afbd307abe7758adb,TraderJoe
avax,0x4b946c91c2b1a7d7c40fb3c130cdfbaf8389094d,TraderJoe
avax,0xfe15c2695f1f920da45c30aae47d11de51007af9,TraderJoe
avax,0x1da20ac34187b2d9c74f729b85acb225d3341b25,Curve Finance
avax,0xcca0cffbf97fb10b08c1703f1dddcf7b48c69d69,TradeJoe
avax,0xed8cbd9f0ce3c6986b22002f03c6475ceb7a6256,TraderJoe
avax,0x42be75636374dfa0e57eb96fa7f68fe7fcdad8a3,TradeJoe
avax,0x454e67025631c065d3cfad6d71e6892f74487a15,TraderJoe
avax,0x0e0100ab771e9288e0aa97e11557e6654c3a9665,Pangolin
avax,0x0c91a070f862666bbcce281346be45766d874d98,TraderJoe
avax,0x024ba2110590dffa4d6b288761c5ee1e78e62cd4,KyberSwap Elastic
avax,0x7c05d54fc5cb6e4ad87c6f5db3b807c94bb89c52,Pangolin
avax,0xa389f9430876455c36478deea9769b7ca4e3ddb1,TraderJoe
avax,0xe530dc2095ef5653205cf5ea79f8979a7028065c,Pangolin
avax,0xbb4646a764358ee93c2a9c4a147d5aded527ab73,TraderJoe
avax,0xe4e7aaa5a1aab5b55ee44fab2d5dd6fcd80e4d42,TradeJoe
avax,0xc01961ede437bf0cc41d064b1a3f6f0ea6aa2a40,TradeJoe
avax,0x330f77bda60d8dab14d2bb4f6248251443722009,TraderJoe
avax,0xe3ba3d5e3f98eeff5e9eddd5bd20e476202770da,Pangolin
avax,0x294dc12a20e0018f77d8e043dad60af6777f716b,TradeJoe
avax,0xbd918ed441767fe7924e99f6a0e0b568ac1970d9,Pangolin
avax,0xd7538cabbf8605bde1f4901b47b8d42c61de0367,Pangolin
avax,0xdf3e481a05f58c387af16867e9f5db7f931113c9,TradeJoe
avax,0xacc68cf5283deb2feea76fa3d8f949eacadc01d5,KyberSwap Elastic
avax,0xc0294fafdee273f4d8d01db52cc0c65102bc081f,TraderJoe
avax,0xe28984e1ee8d431346d32bec9ec800efb643eef4,Pangolin
avax,0x2a8a315e82f85d1f0658c5d66a452bbdd9356783,TraderJoe
avax,0xdb636857317c46b453d5ab400b278cf2dadc996e,TraderJoe
avax,0x6bf6fc7eaf84174bb7e1610efd865f0ebd2aa96d,Curve Finance
avax,0x6bf6fc7eaf84174bb7e1610efd865f0ebd2aa96d,Curve Finance
avax,0x6bf6fc7eaf84174bb7e1610efd865f0ebd2aa96d,Curve Finance
avax,0x42152bdd72de8d6767fe3b4e17a221d6985e8b25,Pangolin
avax,0x27cc2be95d1492bba726e10eba57968a065f05ec,Frax
avax,0x2fd81391e30805cc7f2ec827013ce86dc591b806,TraderJoe
avax,0x0551827bbd26054b80ed8099fa04f551632e9380,KyberSwap Elastic
avax,0x3052a75dfd7a9d9b0f81e510e01d3fe80a9e7ec7,TraderJoe
avax,0xf43f906250bea2d84aeaaf28bd7ac74d5c8dbfb6,TradeJoe
avax,0xf43f906250bea2d84aeaaf28bd7ac74d5c8dbfb6,TradeJoe
polygon,0xddcb1663cc71937fb1e6052874484383ea80d01b,Quickswap
polygon,0xddcb1663cc71937fb1e6052874484383ea80d01b,Quickswap
polygon,0x160532d2536175d65c03b97b0630a9802c274dad,Quickswap
polygon,0xc4e595acdd7d12fec385e5da5d43160e8a0bac0e,SushiSwap
polygon,0x369582d2010b6ed950b571f4101e3bb9b554876f,Quickswap
polygon,0x5786b267d35f9d011c4750e0b0ba584e1fdbead1,SushiSwap
polygon,0xde990994309bc08e57aca82b1a19170ad84323e8,SushiSwap
polygon,0xadbf1854e5883eb8aa7baf50705338739e558e5b,Quickswap
polygon,0x6e7a5fafcec6bb1e78bae2a1f0b612012bf14827,Quickswap
polygon,0x9803c7ae526049210a1725f7487af26fe2c24614,SushiSwap
polygon,0xdc9232e2df177d7a12fdff6ecbab114e2231198d,Quickswap
polygon,0x3902b89e0e28a23f82086b87bb81ef5a1eabf276,Quickswap
polygon,0x853ee4b2a13f8a742d64c8f088be7ba2131f670d,Quickswap
polygon,0x6cf8654e85ab489ca7e70189046d507eba233613,ApeSwap
polygon,0x304e57c752e854e9a233ae82fcc42f7568b81180,Quickswap
polygon,0xbe40f7fff5a2235af9a8cb79a17373162efefa9c,Dfyn
polygon,0x9a8b2601760814019b7e6ee0052e25f1c623d1e6,Quickswap
polygon,0x69437901da6952da49bca49ffc923dfb82abfb16,Quickswap
polygon,0xa34ec05da1e4287fa351c74469189345990a3f0c,SushiSwap
polygon,0xf04adbf75cdfc5ed26eea4bbbb991db002036bdd,Quickswap
polygon,0x604229c960e5cacf2aaeac8be68ac07ba9df81c3,Quickswap
polygon,0xd32f3139a214034a0f9777c87ee0a064c1ff6ae2,ApeSwap
polygon,0xaab5254e17380511887aaba7e96a5339a519e26a,Quickswap
polygon,0x34965ba0ac2451a34a0471f04cca3f990b8dea27,SushiSwap
polygon,0x096c5ccb33cfc5732bcd1f3195c13dbefc4c82f4,Quickswap
polygon,0x8975ddc1c651865af89b617e0aafd5be5a1b9076,Quickswap
polygon,0x40f0a05c8c7a86ad1491a3911c293e093fe92436,Dfyn
polygon,0x5d9ac8993b714df01d079d1b5b0b592e579ca099,SushiSwap
polygon,0xd2105fe5f1b631daf2398e918549758cd181ca7c,Frax
polygon,0x71bd159cf9136d038a60f10118741dfcb10c3111,Quickswap
polygon,0x2cf7252e74036d1da831d11089d326296e64a728,Quickswap
polygon,0x5a94f81d25c73eddbdd84b84e8f6d36c58270510,Quickswap
polygon,0xfc2fc983a411c4b1e238f7eb949308cf0218c750,Quickswap
polygon,0x65d43b64e3b31965cd5ea367d4c2b94c03084797,ApeSwap
polygon,0xdb995f975f1bfc3b2157495c47e4efb31196b2ca,SushiSwap
arbitrum,0x80a9ae39310abf666a87c743d6ebbd0e8c42158e,Uniswap V3
arbitrum,0x960ea3e3c7fb317332d990873d354e18d7645590,Curve Finance
arbitrum,0xb7e50106a5bd3cf21af210a755f9c8740890a8c9,SushiSwap
arbitrum,0xc31e54c7a869b9fcbecc14363cf510d1c41fa443,Uniswap V3
arbitrum,0x36bf227d6bac96e2ab1ebb5492ecec69c691943f,Balancer
arbitrum,0x27807dd7adf218e1f4d885d54ed51c70efb9de50,Uniswap V3
arbitrum,0x8b8149dd385955dc1ce77a4be7700ccd6a212e65,Zyberswap
arbitrum,0x6eb2dc694eb516b16dc9fbc678c60052bbdd7d80,Curve Finance
arbitrum,0x7f90122bf0700f9e7e1f688fe926940e8839f353,Curve Finance
arbitrum,0xcb0e5bfa72bbb4d16ab5aa0c60601c438f04b4ad,SushiSwap
arbitrum,0x87425d8812f44726091831a9a109f4bdc3ea34b4,Camelot
arbitrum,0x905dfcd5649217c42684f23958568e533c711aa3,SushiSwap
arbitrum,0x1aeedd3727a6431b8f070c0afaa81cc74f273882,Uniswap V3
arbitrum,0x2f5e87c9312fa29aed5c179e456625d79015299c,Uniswap V3
arbitrum,0x0c1cf6883efa1b496b01f654e247b9b419873054,SushiSwap
arbitrum,0xe20f93279ff3538b1ad70d11ba160755625e3400,SolidLizard
arbitrum,0x24704aff49645d32655a76df6d407e02d146dafc,SushiSwap
arbitrum,0x9164424a33a89202040f02170431073c59efa1a9,Camelot
arbitrum,0x641c00a822e8b671738d32a431a4fb6074e5c79d,Uniswap V3
arbitrum,0x5201f6482eea49c90fe609ed9d8f69328bac8dda,Camelot
arbitrum,0x7418f5a2621e13c05d1efbd71ec922070794b90a,SushiSwap
arbitrum,0x84652bb2539513baf36e225c930fdd8eaa63ce27,Camelot
arbitrum,0x17c14d2c404d167802b16c450d3c99f88f2c4f4d,Uniswap V3
arbitrum,0x73ca43c063f06cbee4358a2fb705b0f9088e243f,Camelot
arbitrum,0xaa5bd49f2162ffdc15634c87a77ac67bd51c6a6d,SushiSwap
arbitrum,0x30df229cefa463e991e29d42db0bae2e122b2ac7,Curve Finance
arbitrum,0x149e36e72726e0bcea5c59d40df2c43f60f5a22d,Uniswap V3
arbitrum,0xc9df93497b1852552f2200701ce58c236cc0378c,SolidLizard
arbitrum,0x01efed58b534d7a7464359a6f8d14d986125816b,Camelot
arbitrum,0x70717296353f0cdaf1b9a5626455def6b6cf63a9,Sterling
arbitrum,0x64541216bafffeec8ea535bb71fbc927831d0595,Balancer
arbitrum,0x13398e27a21be1218b6900cbedf677571df42a48,Uniswap V3
arbitrum,0x569061e2d807881f4a33e1cbe1063bc614cb75a4,Balancer
arbitrum,0xeb16239e886422852b5a2b1b86d910eb72663b4a,Zyberswap
arbitrum,0x035d9815ae5af78d568721fa118bb93428c91f51,Camelot
arbitrum,0x2334d412da299a21486b663d12c392185b313aaa,Uniswap V3
arbitrum,0x13fda18516eafe5e8ae930f86fa51ae4b6c35e8f,TraderJoe
arbitrum,0xd37af656abf91c7f548fffc0133175b5e4d3d5e6,Uniswap V3
arbitrum,0x4c0a68dd92449fc06c1a651e9eb1dffb61d64e18,Camelot
arbitrum,0xc9b8a3fdecb9d5b218d02555a8baf332e5b740d5,Curve Finance
arbitrum,0xbfd465e270f8d6ba62b5000cd27d155fb5ae70f0,Camelot
arbitrum,0xd9d611c6943585bc0e18e51034af8fa28778f7da,SolidLizard
arbitrum,0x088f2bd3667f385427d9289c28725d43d4b74ab4,Magicswap
arbitrum,0x913398d79438e8d709211cfc3dc8566f6c67e1a8,Camelot
arbitrum,0xf69223b75d9cf7c454bb44e30a3772202bee72cf,Zyberswap
arbitrum,0xdbbc93072295362d38b63accd447d9c0b36a1678,Uniswap V3
arbitrum,0x7e7fb3cceca5f2ac952edf221fd2a9f62e411980,Uniswap V3
arbitrum,0xc0f05732d1cda6f59487ceeef4390abcad86ea3e,Uniswap V3
arbitrum,0xb86af5822ec4d589f13a8f345bae5cbaf76bef5c,AlienFi
arbitrum,0xe726c8007c4f2aeb827d6e7f034a24e0b77beed0,Sterling
arbitrum,0xc91b7b39bbb2c733f0e7459348fd0c80259c8471,Uniswap V3
arbitrum,0x1c31fb3359357f6436565ccb3e982bc6bf4189ae,Camelot
arbitrum,0x3a4c6d2404b5eb14915041e01f63200a82f4a343,Balancer
arbitrum,0xe8ee01ae5959d3231506fcdef2d5f3e85987a39c,SushiSwap
arbitrum,0x460c2c075340ebc19cf4af68e5d83c194e7d21d0,Camelot
arbitrum,0x2a83e1aa650b364ac88b39f1f67a34abcca8e6f2,KyberSwap Elastic
arbitrum,0x114de2affc6a335433dbe9d3d51a8f31a5591fdf,KyberSwap Elastic
arbitrum,0x570eab8422160840ce3b7b2be4c71d657659868f,SwapFish
arbitrum,0xf904469497e6a179a9d47a7b468e4be42ec56e65,Magicswap
arbitrum,0x751f3b8ca139bc1f3482b193297485f14208826a,SolidLizard
arbitrum,0x4d834a9b910e6392460ebcfb59f8eef27d5c19ff,Uniswap V3
arbitrum,0x15b9d20bcaa4f65d9004d2bebac4058445fd5285,SolidLizard
arbitrum,0x90ff2b6b6a2eb3c68d883bc276f6736b1262fa50,Frax
arbitrum,0x110a0f39b15d04f2f348b61bd741429c7d188d3f,SushiSwap
arbitrum,0x6345ccf4b1d4411789cd11411f146bfe3de14e8a,3xcalibur
arbitrum,0x7ffaf4698635a7679ce508160f2156b8739f37fe,Camelot
arbitrum,0x2ce5fd6f6f4a159987eac99ff5158b7b62189acf,Curve Finance
arbitrum,0xb2c362bf6c0e5ecba587732f5155981e60d9da85,AlienFi
arbitrum,0x59bf0545fca0e5ad48e13da269facd2e8c886ba4,Curve Finance
arbitrum,0xce0c908039fdd8eac210e9b6d17ec9003bd83b0e,Uniswap V3
arbitrum,0xb8aa98969728ead6076fe9a72cab65cea5dee023,AlienFi
arbitrum,0x97e5f60fa17816011039b908c19fa4b43de73731,SolidLizard
arbitrum,0x0bb5a573886bbcecf18590b6cb59e980fac7d278,Frax
arbitrum,0xc61ff48f94d801c1ceface0289085197b5ec44f0,Balancer
arbitrum,0x616279ff3dbf57a55e3d1f2e309e5d704e4e58ae,Camelot
arbitrum,0x8e89f6d18086bcb660826b6de0e2a178f6155153,SushiSwap
arbitrum,0x7ec3717f70894f6d9ba0be00774610394ce006ee,TraderJoe
arbitrum,0xb5b77f1ad2b520df01612399258e7787af63025d,Balancer
arbitrum,0x3fee6e8fbde48b727f82c55639ed2dd0cd9ba642,Camelot
optimism,0x6c5019d345ec05004a7e7b0623a91a0d9b8d590d,Velodrome Finance
optimism,0x061b87122ed14b9526a813209c8a59a633257bab,Curve Finance
optimism,0x7bc5728bc2b59b45a58d9a576e2ffc5f0505b35e,Curve Finance
optimism,0x4fd63966879300cafafbb35d157dc5229278ed23,Beethoven X
optimism,0x1337bedc9d22ecbe766df105c9623922a27963ec,Curve Finance
optimism,0xd16232ad60188b68076a235c65d692090caba155,Velodrome Finance
optimism,0x985612ff2c9409174fedcff23d4f4761af124f88,Velodrome Finance
optimism,0xb90b9b1f91a01ea22a182cd84c1e22222e39b415,Curve Finance
optimism,0xb343dae0e7fe28c16ec5dca64cb0c1ac5f4690ac,Velodrome Finance
optimism,0x68f5c0a2de713a54991e01858fd27a3832401849,Uniswap V3
optimism,0xc6c1e8399c1c33a3f1959f2f77349d74a373345c,Velodrome Finance
optimism,0x48dce63bacf1c7c839cfa7d4f871ad17c0d30d38,Velodrome Finance
optimism,0xe8537b6ff1039cb9ed0b71713f697ddbadbb717d,Velodrome Finance
optimism,0x79c912fef520be002c2b6e57ec4324e260f38e50,Velodrome Finance
optimism,0xd62c9d8a3d4fd98b27caaefe3571782a3af0a737,Velodrome Finance
optimism,0x36b18618c4131d8564a714fb6b4d2b1edadc0042,Uniswap V3
optimism,0x7b50775383d3d6f0215a8f290f2c9e2eebbeceb2,Beethoven X
optimism,0x9056eb7ca982a5dd65a584189994e6a27318067d,Velodrome Finance
optimism,0x47029bc8f5cbe3b464004e87ef9c9419a48018cd,Velodrome Finance
optimism,0x4f7ebc19844259386dbddb7b2eb759eefc6f8353,Velodrome Finance
optimism,0x6fd5bee1ddb4dbbb0b7368b080ab99b8ba765902,Velodrome Finance
optimism,0xcdd41009e74bd1ae4f7b2eecf892e4bc718b9302,Velodrome Finance
optimism,0x85149247691df622eaf1a8bd0cafd40bc45154a9,Uniswap V3
optimism,0x21950a0ca249a0ef3d182338c86c8c066b24d801,Velodrome Finance
optimism,0xd65c1120ddf79f827b925c505949e02c5a0d6236,Velodrome Finance
optimism,0x29a20ca4968d756c7d0922a7064a1a56f4624e9a,Velodrome Finance
optimism,0xa99817d2d286c894f8f3888096a5616d06f20d46,Velodrome Finance
optimism,0x5edac6b8ea08d535c01981d75b3361481c0ee999,Velodrome Finance
optimism,0xc899c4d73ed8df2ead1543ab915888b0bf7d57a2,Velodrome Finance
optimism,0x67124355cce2ad7a8ea283e990612ebe12730175,Velodrome Finance
optimism,0x207addb05c548f262219f6bfc6e11c02d0f7fdbe,Velodrome Finance
optimism,0x73b14a78a0d396c521f954532d43fd5ffe385216,Uniswap V3
optimism,0x0392b358ce4547601befa962680bede836606ae2,Uniswap V3
optimism,0xffd74ef185989bff8752c818a53a47fc45388f08,Velodrome Finance
optimism,0x63642a192bab08b09a70a997bb35b36b9286b01e,Velodrome Finance
optimism,0x17d99c78f1aa7870ab30fb3e93b2fe9f6502d192,Velodrome Finance
optimism,0xe75a3f4bf99882ad9f8aebab2115873315425d00,Velodrome Finance
optimism,0x7b17fc02d85cb5589ec1d1c3db507dc557590c79,Uniswap V3
optimism,0x535541f1aa08416e69dc4d610131099fa2ae7222,Uniswap V3
optimism,0xc64f9436f8ca50cdcc096105c62dad52faeb1f2e,Uniswap V3
optimism,0xff7fbdf7832ae524deda39ca402e03d92adff7a5,Uniswap V3
optimism,0xb589969d38ce76d3d7aa319de7133bc9755fd840,Uniswap V3
optimism,0x1c3140ab59d6caf9fa7459c6f83d4b52ba881d36,Uniswap V3
optimism,0x7ed087afab0b2653c8137744916ed1aba97e2fa2,Beethoven X
optimism,0x4ab66eed0b39f9d229a1281468a4482515db0709,Velodrome Finance
optimism,0xbf205335de602ac38244f112d712ab04cb59a498,Velodrome Finance
optimism,0x794299137282e5d3af56616624ab918d1b2becf3,Velodrome Finance
optimism,0xdee1856d7b75abf4c1bdf986da4e1c6c7864d640,Velodrome Finance
optimism,0x03af20bdaaffb4cc0a521796a223f7d85e2aac31,Uniswap V3
optimism,0xeb676ae691df237ac09a0f7410123a714d84afb3,Velodrome Finance
optimism,0xfc1f3296458f9b2a27a0b91dd7681c4020e09d05,Uniswap V3
optimism,0xda74db17023750d02b83be2559a4eaa013b65c54,KyberSwap Elastic
optimism,0x98d9ae198f2018503791d1caf23c6807c135bb6b,Uniswap V3
optimism,0x91e0fc1e4d32cc62c4f9bc11aca5f3a159483d31,Velodrome Finance
optimism,0xadf902b11e4ad36b227b84d856b229258b0b0465,Velodrome Finance
optimism,0x6fe429de4284b7625cac1fcaacfa1d705ac9ec28,Velodrome Finance
optimism,0x6432037739ccd0201987472604826097b55813e9,Uniswap V3